12/22/2025 03:00,"Web hosting for remote businesses - shared vs VPS vs dedicated explained. Stop overpaying for features you don't need",https://floatjet.com/tools/shared-vs-vps-vs-dedicated-hosting,https://floatjet.com/images/pins/web-hosting/dec/shared-vs-vps-vs-dedicated-hosting-1.jpg
12/23/2025 20:00,"Best web hosting for remote businesses. Uptime, speed, and support compared. These hosts won't let you down when clients are waiting",https://floatjet.com/tools/best-web-hosting-remote-business,https://floatjet.com/images/pins/web-hosting/dec/best-web-hosting-remote-business-2.jpg
12/24/2025 19:30,"Best ecommerce hosting compared. WooCommerce, Shopify hosting, and dedicated solutions. For stores that need speed and uptime",https://floatjet.com/tools/best-ecommerce-hosting,https://floatjet.com/images/pins/web-hosting/dec/best-ecommerce-hosting-3.jpg
12/25/2025 02:30,"Migrate your website without downtime. Step-by-step guide for zero-disruption hosting moves. Your clients won't notice a thing",https://floatjet.com/tools/migrate-website-without-downtime,https://floatjet.com/images/pins/web-hosting/dec/migrate-website-without-downtime-4.jpg
12/25/2025 13:30,"Best VPS hosting for remote businesses. When shared hosting isn't enough but dedicated is overkill. Performance and price compared",https://floatjet.com/tools/best-vps-hosting-remote-business,https://floatjet.com/images/pins/web-hosting/dec/best-vps-hosting-remote-business-5.jpg
12/25/2025 19:30,"Website speed optimization guide. Slow sites lose visitors and sales. These fixes take minutes but make a huge difference",https://floatjet.com/tools/website-speed-optimization-guide,https://floatjet.com/images/pins/web-hosting/dec/website-speed-optimization-guide-6.jpg
12/26/2025 19:30,"Cloud vs traditional hosting - what's the difference? When each makes sense and how to decide for your business",https://floatjet.com/blog/cloud-vs-traditional-hosting,https://floatjet.com/images/pins/web-hosting/dec/cloud-vs-traditional-hosting-7.jpg
12/27/2025 02:30,"Managed WordPress hosting compared. Premium hosts that handle updates, security, and speed. Worth the upgrade or overkill?",https://floatjet.com/blog/managed-wordpress-hosting-compared,https://floatjet.com/images/pins/web-hosting/dec/managed-wordpress-hosting-compared-8.jpg
12/28/2025 02:30,"Web hosting pricing explained. Stop overpaying for bandwidth you'll never use. Match your hosting to your actual traffic",https://floatjet.com/tools/shared-vs-vps-vs-dedicated-hosting,https://floatjet.com/images/pins/web-hosting/dec/shared-vs-vps-vs-dedicated-hosting-9.jpg
12/29/2025 19:00,"Web hosting uptime compared. Tested over 12 months. Some popular hosts have embarrassing downtime numbers",https://floatjet.com/tools/best-web-hosting-remote-business,https://floatjet.com/images/pins/web-hosting/dec/best-web-hosting-remote-business-10.jpg
12/30/2025 18:30,"Ecommerce hosting speed comparison. Your store is slower than you think. These hosts actually prioritize performance",https://floatjet.com/tools/best-ecommerce-hosting,https://floatjet.com/images/pins/web-hosting/dec/best-ecommerce-hosting-11.jpg
12/31/2025 01:30,"Zero-downtime website migration guide. Move hosts without your visitors noticing. DNS timing and verification steps",https://floatjet.com/tools/migrate-website-without-downtime,https://floatjet.com/images/pins/web-hosting/dec/migrate-website-without-downtime-12.jpg
12/31/2025 03:00,"VPS hosting performance tested. Real benchmarks, not marketing claims. Which hosts deliver actual value",https://floatjet.com/tools/best-vps-hosting-remote-business,https://floatjet.com/images/pins/web-hosting/dec/best-vps-hosting-remote-business-13.jpg
12/31/2025 18:30,"Website speed fixes you can do today. No coding required. These changes take minutes but improve load times significantly",https://floatjet.com/tools/website-speed-optimization-guide,https://floatjet.com/images/pins/web-hosting/dec/website-speed-optimization-guide-14.jpg
