12/21/2025 12:00,"Unpopular opinion: most productivity advice is written by people who've never had a real deadline.\n\nThe whole 'batch your emails' thing? Cool in theory.\n\nBut when a client needs something by 3pm and you're batching until 4pm, that's a problem.\n\nHere's what I've learned after 6 years of remote work:\n\nWhat actually works is checking email when it makes sense for YOUR work. Not when some guru says you should.\n\nThe best system is the one you'll actually use. Not the one that looks good in a LinkedIn post.\n\nI tried every productivity system out there. Pomodoro. Time blocking. Inbox zero. Getting Things Done.\n\nThe one that stuck? A simple daily list of three things. That's it.\n\nComplicated systems create more overhead than they save.\n\nWhat productivity advice do you secretly ignore?\n\n#Productivity #RemoteWork"
12/21/2025 16:00,"Confession: I still connect to coffee shop WiFi without a VPN sometimes.\n\nI know. Bad habit.\n\nBut the VPN I'm testing keeps dropping connections and reconnecting mid-task is genuinely annoying.\n\nDoesn't change the fact that public WiFi is sketchy though.\n\nHere's what most people don't realize:\n\nSomeone with basic tools can watch what you're doing. Packet sniffing takes maybe 5 minutes to learn. I've seen it done at a conference once. Guy was just sitting there casually capturing login credentials.\n\nWhat I actually want to find:\n\n- A VPN that stays connected\n- Doesn't tank my speed\n- Doesn't require babysitting\n\nSimple ask. Harder to find than you'd think.\n\nTesting 3 right now. Eliminating candidates weekly.\n\nLink in comments.\n\n#RemoteWork #Cybersecurity"
12/22/2025 12:00,"3 years into remote work and I finally figured out lighting.\n\nSpent way too long looking washed out on video calls. Bought a fancy ring light. Hated it. Made me look like I was being interrogated.\n\nThe solution that actually worked?\n\nMoved my desk to face the window.\n\nFree. Natural. Doesn't make me look like a suspect.\n\nSometimes the answer isn't more gear. It's just rearranging what you already have.\n\nI see people dropping $200 on camera setups when the real problem is they're backlit by a window behind them.\n\nFlip your desk around. See what happens.\n\nThe low-tech solution is often the right one.\n\n#RemoteWork #HomeOffice"
12/22/2025 16:00,"Physical notebooks in 2024. Hear me out.\n\nYeah I've got Notion, Apple Notes, whatever else.\n\nBut when I'm thinking through something complicated—like mapping out an article or debugging a problem—paper still wins.\n\nSomething about the lack of tabs and notifications. My brain works differently when the screen isn't involved.\n\nNot saying ditch your note apps.\n\nJust saying the productivity tool that works best might be the one that's been around for centuries.\n\nMine's a cheap graph paper notebook from the office supply store. $10. Use it daily.\n\nThe most sophisticated tool I own is also the simplest.\n\nSometimes the low-tech solution IS the solution.\n\nLink in comments.\n\n#Productivity #RemoteWork"
12/23/2025 12:00,"Finally figured out why I was exhausted after video calls.\n\nWasn't the calls themselves.\n\nIt was the back-to-back scheduling. No buffer. One call ends at 2:00. Next starts at 2:00. Zero time to process, make notes, or just breathe.\n\nNow I block 15 minutes after every call. Non-negotiable.\n\nThe result?\n\nProductivity actually went up. I'm not trying to context-switch while still thinking about the last conversation. Notes get written while they're fresh. Ideas don't slip away.\n\nSmall change. Big difference.\n\nThe fix that transformed my energy levels cost me nothing. Just a calendar setting.\n\nIf you're ending days exhausted from calls, try adding buffers. See what changes.\n\n#RemoteWork #Productivity"
12/23/2025 16:00,"Tested my first password manager for 3 weeks straight.\n\nIntentionally tried to break it.\n\nLogged in from random devices. Forgot my master password on purpose (terrifying). Tried the autofill on sketchy sites. Tested the family sharing feature.\n\nVerdict: surprisingly solid. Few complaints but nothing major.\n\nThe real test though?\n\nWhat happens when you lose access to your main device.\n\nThat recovery flow is where most password managers fall apart. This one handled it okay. Not great—just okay.\n\nFull comparison coming in January. Testing 2 more before I make recommendations.\n\nWhat do you care about most in a password manager? Speed? Security? Cross-device sync?\n\nLink in comments.\n\n#Cybersecurity #Productivity"
12/24/2025 12:00,"The website blocker I use has paid for itself 10x over.\n\nNot because I lack discipline.\n\nBecause the internet is literally designed to steal your attention. Every site has a team of engineers optimizing for engagement. I'm one person with deadlines.\n\nBlocking YouTube and Twitter during work hours isn't weakness. It's leveling the playing field.\n\nTakes me about 3 seconds to unblock if I actually need something. But that tiny friction is enough to break the autopilot habit.\n\nThe apps aren't the problem. The infinite scroll is.\n\nI'm not fighting my willpower anymore. I'm just removing the temptation.\n\nWorks better than any productivity system I've tried.\n\nLink in comments.\n\n#Productivity #RemoteWork"
12/24/2025 16:00,"Wrapped up my first month of serious VPN testing.\n\nRan speed tests from coffee shops, airports, hotels. Different countries, different servers, different times of day.\n\nThe differences are wild.\n\nSame VPN, different location, completely different experience.\n\nWhat surprised me most:\n\nThe marketing claims don't match reality. 'Fastest VPN' means nothing without context. Fast where? Under what conditions? At what time of day?\n\nI've got a clear favorite now. Writing up the full comparison.\n\nIf you're paying for a VPN and frustrated with the speeds, the detailed breakdown drops in January.\n\nLink in comments.\n\n#RemoteWork #Cybersecurity"
12/25/2025 12:00,"Christmas morning and I'm not working.\n\nRadical concept, I know.\n\nTook me years to stop feeling guilty about time off. The freelancer brain never fully shuts down. There's always something you could be doing. An email to send. A task to complete. A client to follow up with.\n\nBut burnout is real. And it sneaks up on you.\n\nLearned that the hard way 2 years ago. Worked through every holiday. Started January exhausted. Took months to recover.\n\nNow I protect rest like I protect deadlines. Both are non-negotiable.\n\nHappy holidays to everyone who needs permission to log off today.\n\nThis is it. You have permission. Close the laptop.\n\n#WorkLifeBalance #FreelanceLife"
12/25/2025 16:00,"Holiday travel means working from weird places.\n\nLast year I did client calls from:\n\n- A hotel lobby in Portugal\n- A ferry (yes, really)\n- My parents' basement (terrible WiFi)\n- A parked car (only quiet spot available)\n\nThe gear that actually mattered:\n\nNoise canceling headphones saved me on the ferry. Portable charger because outlets are never where you need them. VPN because hotel WiFi is sketchy.\n\nLaptop stand honestly didn't matter when moving around constantly. Ergonomics go out the window when you're improvising.\n\nThe lesson: pack light, pack smart, expect chaos.\n\nWhat's your essential travel work setup?\n\n#DigitalNomad #RemoteWork"
12/26/2025 12:00,"Learned something about contracts this year that changed everything:\n\nThe payment terms matter more than the rate.\n\nGetting paid $100/hour NET-60 sounds great. Until you realize you're floating 2 months of work on your own dime. Cash flow dies. Stress builds.\n\nMeanwhile $80/hour NET-15 means you're actually getting paid while the project is still fresh in your mind.\n\nStarted being way pickier about payment terms this year. Lost a few potential clients.\n\nZero regrets.\n\nCash flow beats hourly rate every time. The math doesn't lie.\n\nIf you're freelancing and accepting NET-60 terms, you might want to reconsider. That 'higher rate' is costing you more than you think.\n\nLink in comments.\n\n#FreelanceLife #RemoteWork"
12/26/2025 16:00,"Did a full expense tracking audit this week.\n\nLooking at what I spent on tools and subscriptions over the year.\n\nThe findings were... embarrassing.\n\n- Paying for 3 things that do basically the same job\n- That 'free trial' I forgot to cancel? Still charging me\n- The annual subscription math usually works out (switched a few monthlies)\n\nBut here's the bigger discovery:\n\nI've been underreporting home office expenses for taxes.\n\nThat standing desk, monitors, even part of the internet bill—all potentially deductible if you're self-employed.\n\nGonna be more careful about tracking next year. Probably saving a few hundred in taxes I was leaving on the table.\n\nLink in comments.\n\n#FreelanceLife #Productivity"
12/27/2025 12:00,"Hot take: Slack is not the problem.\n\nHow we use Slack is the problem.\n\nI've seen teams where Slack is a nightmare of notifications and urgency. Constant pings. Immediate response expected. Anxiety machine.\n\nAnd teams where it's calm and async. Status updates respected. Responses on your own schedule.\n\nSame tool. Different culture.\n\nThe tool doesn't create the chaos. The expectation that everyone should respond immediately creates the chaos.\n\nSet your status. Mute channels. Check on your schedule.\n\nSlack is supposed to work for you. Not the other way around.\n\nIf your Slack feels chaotic, the problem might not be Slack.\n\n#RemoteWork #Productivity"
12/27/2025 16:00,"Christmas week productivity tip:\n\nDon't fight it.\n\nMost clients slow down. Meetings get canceled. Emails go unanswered until January.\n\nUse it.\n\nWrap up loose ends. Do that admin work you've been avoiding. Plan next quarter. Update your systems.\n\nOr honestly? Just take some time off.\n\nThe hustle culture take of 'grind while everyone else is resting' sounds good but burns you out. I tried it a few years back. Started January exhausted.\n\nThis year I'm doing the opposite. Light work through the holidays. Full reset before 2026.\n\nYour January self will thank you.\n\nWhat's your holiday work plan?\n\n#RemoteWork #WorkLifeBalance"
12/28/2025 12:00,"The backup strategy that saved me twice this year: the 3-2-1 rule.\n\n3 copies of everything.\n2 different storage types (like laptop + cloud).\n1 offsite (cloud counts).\n\nHere's how it paid off:\n\nSeptember: Lost my laptop charger for a week. Had everything on cloud. Kept working from my phone and a borrowed laptop.\n\nNovember: Cloud storage had an outage. Had local copies of everything important.\n\nNeither situation became a crisis because the backup was already there.\n\nParanoid? Maybe. But also never lost a day of work.\n\nThe 20 minutes it takes to set this up is nothing compared to the disaster of losing everything.\n\nLink in comments.\n\n#Productivity #RemoteWork"
12/28/2025 16:00,"Year end reflection: what I got wrong about remote work tools this year.\n\nThought I needed more monitors. Turns out one good one is enough. The second just became a Slack screen.\n\nThought expensive keyboard was worth it. Honestly my $50 one works fine. The $200 mechanical keyboard lives in a drawer now.\n\nThought I needed every productivity app. Actually just use 3 regularly. The rest were digital clutter.\n\nThe pattern: simpler worked better.\n\nLess switching between tools. Less decision fatigue. More actual work.\n\n2026 approach: minimal. One tool per job. Master it instead of constantly trying new stuff.\n\nAnyone else getting tool fatigue?\n\n#Productivity #RemoteWork"
12/29/2025 12:00,"Planning for 2026 and doing something different this year.\n\nNo massive goal list. No '10X my revenue' nonsense.\n\nJust 3 things I want to be better at by December. That's it. Three.\n\nWhy?\n\nMore realistic. Actually achievable. Leaves room for the stuff you can't predict.\n\nLast year I had 47 goals on my list. Completed maybe 8. Felt like a failure even though I actually had a good year.\n\nThis year:\n\n1. Finish the VPN comparison series\n2. Build the email list to 1,000\n3. Take an actual vacation\n\nSimple. Specific. Done.\n\nWhat's your approach to goal setting?\n\n#Productivity #NewYear"
12/29/2025 16:00,"2024 tool verdict: what I'm keeping vs dropping.\n\nKeeping:\n\n- 1Password (tried others, this one just works everywhere)\n- Notion (yeah I know everyone uses it—it's actually good though)\n- Current VPN (naming it in the full review dropping January)\n\nDropping:\n\n- That second project management tool I never opened\n- Cloud storage service #2 (consolidating everything)\n- Premium Zoom (Google Meet is free and fine for my needs)\n\nThe subscriptions add up fast. Did the math: I was spending $300/month on tools. Cut it to maybe $150.\n\nThat's $1,800/year back in my pocket.\n\nWhat are you keeping or dropping for next year?\n\nLink in comments.\n\n#FreelanceLife #Productivity"
