01/01/2026 12:00,"New Year's Day and I'm thinking about work. Not doing it—just thinking. The freelancer brain doesn't have an off switch. It's always running scenarios in the background. What if that client doesn't renew? What if the invoice doesn't get paid? What if the algorithm changes? This year I'm trying something different: scheduled worry time. Sounds ridiculous but hear me out. Instead of low-grade anxiety all day, I'm giving myself 30 minutes in the morning to think about work concerns. Write them down. Make a plan if needed. Then close the notebook and move on. Compartmentalizing isn't avoidance. It's survival. Anyone else struggle with the always-on feeling? #RemoteWork #WorkLifeBalance",,,,
01/01/2026 16:00,"Did a full audit of every tool and subscription I'm paying for. The results were embarrassing. I was paying for: two cloud storage services doing the same thing, a project management tool I opened maybe three times, premium features I forgot I upgraded to, and a domain I bought for a project idea I never started. Total waste: around $847 for the year. Not huge, but not nothing either. The fix was simple. Canceled the duplicates. Downgraded to free tiers where possible. Set calendar reminders before annual renewals. The subscriptions that survived: password manager, VPN, cloud storage (one of them), and my invoicing tool. Everything else was nice-to-have that I never actually used. How many subscriptions are you paying for that you forgot about? #FreelanceLife #Productivity",https://floatjet.com/tools/best-productivity-apps/,,,
01/02/2026 12:00,"First real work day of the year. My inbox had 847 unread emails. Most were newsletters and promotional stuff, but buried in there were three actual client messages and one late payment notification. Spent the first two hours just sorting and deleting. The rest of the day was catching up on what I missed during the break. Not productive in the traditional sense, but necessary. The January inbox situation made me reconsider my whole email setup. Starting to think a separate email for newsletters and subscriptions makes sense. Keep the main inbox for actual work. Anyone do this successfully? Seems like a lot of setup but might be worth it. #Productivity #RemoteWork",,,,
01/02/2026 16:00,"The VPN comparison article is finally live. Spent three months testing NordVPN, ExpressVPN, Surfshark, and a few others. Different locations, different use cases, different times of day. The results surprised me honestly. Marketing claims don't match reality in most cases. The ""fastest VPN"" depends entirely on where you are and what server you're connecting to. Speed varies wildly even within the same service. What mattered more than raw speed: connection stability, whether the kill switch actually works, and how annoying the app is to use daily. Nobody talks about these things in reviews because they're hard to measure. But they're what determines whether you actually keep using the VPN or not. Full breakdown available now. #Cybersecurity #DigitalNomad",https://floatjet.com/tools/best-vpn-digital-nomads/,,,
01/03/2026 12:00,"Spent the morning cleaning my home office. Not reorganizing—actual cleaning. Dusted the monitor. Wiped down the keyboard. Found crumbs in places crumbs shouldn't be. It took maybe 45 minutes but the mental difference is real. A clean workspace feels like a fresh start. Not in a woo-woo way, just practically. Less visual clutter means less mental clutter. For me anyway. The bigger realization: I'd been ignoring this for months. Remote work means no cleaning crew coming through. No office manager making sure things look presentable. It's just you and your gradually declining standards. Scheduling monthly desk cleaning sessions now. Fifteen minutes. Put it on the calendar. Treat it like any other work task. #HomeOffice #Productivity",,,,
01/03/2026 16:00,"Password manager update: still the single best security investment you can make. This week alone it saved me twice. Once when a site I forgot about got breached—had a unique password there, so no domino effect. Once when I needed to log into an old account and would have definitely forgotten the password otherwise. The resistance to password managers usually comes from fear. What if the password manager gets hacked? What if I forget my master password? Valid concerns, but the alternative—reusing passwords or keeping them in a notes app—is way worse. The breach notification feature alone is worth it. Getting an alert that your credentials were exposed before you're actually compromised? That's valuable. Current recommendation: either 1Password or Bitwarden. Both solid. Pick one and actually use it. #Cybersecurity #Productivity",https://floatjet.com/tools/best-password-manager-remote-work/,,,
01/04/2026 12:00,"Coworking space math for 2026: Monthly membership: $250. Times I went last month: 3. Cost per visit: $83. My home internet: $70/month. Coffee I make myself: basically free. The numbers don't lie. I'm paying a premium for social interaction that I'm barely using. Part of me wants to keep the membership for the option. For the days when home feels claustrophobic. For the networking events I never attend. For the ""professional environment"" that supposedly makes me more productive. But does it? My best work happens at home. Early morning, before anyone else is awake. Just me and the laptop and complete silence. Maybe coworking isn't for everyone. Maybe it's okay to admit that. Canceling this month. Will miss the fancy coffee machine. Won't miss the $250 bill. #RemoteWork #FreelanceLife",,,,
01/04/2026 16:00,"Laptop shopping for a client and remembering how confusing this space is. Every brand has twelve models with names like XPS 15 9530 vs XPS 15 9520 vs XPS 15 Plus. Marketing specs don't match real-world performance. ""All-day battery"" means different things to different manufacturers. What actually matters for remote work: At least 16GB RAM—this is non-negotiable in 2026. Good keyboard—you're typing on it 8 hours a day. Actual battery life over 6 hours—not claimed, actual. Decent webcam—you're on video calls constantly. Weight under 4 pounds if you travel. That's it. Everything else is nice-to-have. Ignore the gaming specs unless you're gaming. Ignore the ""creator"" marketing unless you're editing video. Match the tool to the job. Full laptop guide updated for 2026. #RemoteWork #Productivity",https://floatjet.com/gear/best-laptops-remote-work/,,,
01/05/2026 12:00,"Sunday planning ritual: look at the week ahead, identify the three most important things, ignore everything else until those are done. Sounds simple. Actually doing it is hard. The inbox is always screaming. Slack notifications never stop. There's always some small urgent thing that feels important in the moment but isn't. The three things this week: finish the hosting comparison article, send two overdue invoices, and prep for Thursday's client call. That's it. Everything else is noise. If someone messages asking about something that's not on the list? It waits. If email comes in about a new opportunity? It waits. Ruthless prioritization isn't rude. It's survival. The alternative is doing a little of everything and finishing nothing. Been there. Didn't work. #Productivity #RemoteWork",,,,
01/05/2026 16:00,"The note-taking app debate is eternal. Notion vs Obsidian vs Apple Notes vs Roam vs whatever launched this week. Here's what I've learned after trying most of them: the best note-taking app is the one you actually use. Revolutionary insight, I know. But seriously. People spend more time configuring their ""productivity system"" than actually being productive. The elaborate databases. The perfect folder structure. The tagging taxonomy. All of it is procrastination dressed up as organization. My current system: Apple Notes for quick captures. Notion for project documentation. That's it. Two apps. No plugins. No templates. Just words in boxes. Works fine. The goal isn't a beautiful system. The goal is finding information when you need it. Simple search beats complex organization every time. What's your note-taking setup? Genuinely curious if anyone found something better. #Productivity #RemoteWork",https://floatjet.com/tools/best-note-taking-apps/,,,
01/06/2026 12:00,"Had a call scheduled for 6am my time today. Client in a different timezone, limited availability, had to make it work. Woke up at 5:30. Made coffee. Tried to sound human. Think I pulled it off. The time zone challenge in remote work never fully goes away. You can set boundaries, but sometimes you flex. The key is knowing when flexing is worth it and when it's not. This client? Long-term relationship, good pay, reasonable most of the time. Worth the early alarm. That one-time prospect who wanted a call at midnight? Politely declined. Not worth it. The rule: flex for relationships, not transactions. People who respect your time the other 95% of the time get grace when they need it. People who consistently ask for inconvenient times don't respect you. Simple filter. #RemoteWork #FreelanceLife",https://floatjet.com/guides/work-remotely-different-time-zones/,,,
01/06/2026 16:00,"Two-factor authentication probably saved my business this week. Got an alert that someone tried logging into one of my accounts from a location I've never been. They had the password—probably from some old breach. But they didn't have my phone. Login blocked. Account secure. Crisis avoided. The few seconds it takes to enter a code or tap a notification is nothing compared to the hours—or days—it would take to recover a compromised account. Set it up on everything. Email first—that's the master key to everything else. Then financial accounts. Then work tools. The backup codes are important too. Print them. Store them somewhere safe. Losing access to your 2FA method is a real scenario that happens to real people. Authentication apps over SMS when possible. SIM swapping is a thing. This isn't paranoia. This is the baseline for working online in 2026. #Cybersecurity #RemoteWork",https://floatjet.com/guides/two-factor-authentication-guide/,,,
01/07/2026 12:00,"Productivity myth that needs to die: the idea that more hours equals more output. Worked 12-hour days for a year once. Thought I was being productive. Was actually just present. The quality of work after hour 8 drops off a cliff. The creative thinking disappears. You're just pushing buttons and moving things around. Now I aim for 6 focused hours. Sometimes less. The output is better. The ideas are sharper. The work is actually done instead of half-done and needing revision. The hard part is convincing yourself this is okay. Hustle culture made us equate busyness with value. Sitting at your desk equals productivity. Being available at all hours equals dedication. It's all wrong. Results matter. Hours don't. Try cutting your work day by two hours for a week. See what actually changes. Bet it's less than you think. #Productivity #WorkLifeBalance",,,,
01/07/2026 16:00,"Webcam quality tip that nobody talks about: it's almost never about the camera. The laptop webcam everyone complains about? It's fine. The problem is lighting. Sit facing a window during the day. Your face is lit naturally. You look human. Sit with the window behind you? You're a silhouette. Mysterious but unprofessional. The expensive ring lights and softboxes are solutions to a problem that windows solve for free. Not always possible, I know. But before you spend $200 on camera equipment, try rearranging your desk. My current setup: desk faces a north-facing window. Natural light all day. Laptop webcam. Looks better than when I had a ring light and sat in a dark corner. Sometimes the low-tech solution wins. #RemoteWork #HomeOffice",https://floatjet.com/gear/best-webcams-video-calls/,,,
01/08/2026 12:00,"Invoice update from this morning: got paid for work I did in November. That's 68 days. NET-30 was the agreement. Took more than double that. This is freelance life. You do the work on time. You deliver quality. You send professional invoices. And then you wait. And follow up. And wait some more. What I've learned: payment terms matter more than hourly rate. NET-15 at a lower rate beats NET-60 at a higher rate for cash flow. Big companies pay slow. Always. Build that into your pricing. Invoice immediately upon delivery. Every day you wait is a day added to the payment timeline. Automated reminders help but don't solve the problem. The real solution: retainers and deposits for new clients. Get something upfront before work begins. Changes the whole dynamic. #FreelanceLife #RemoteWork",https://floatjet.com/guides/invoice-payment-terms-guide/,,,
01/08/2026 16:00,"Tried the Pomodoro Technique again this week. 25 minutes of focused work, 5 minute break, repeat. The theory is solid. Your brain needs rest. Time-boxing creates urgency. The breaks prevent burnout. In practice? The timer went off right when I got into flow. The breaks felt artificial. I kept ignoring the prompts and then feeling guilty about it. Maybe I'm doing it wrong. Or maybe some productivity systems just don't fit certain brains. What works for me: longer blocks of uninterrupted time. 90 minutes to two hours. Then a real break—walk outside, make food, do something physical. Not Pomodoro compliant but actually sustainable. The lesson: try the popular methods but don't force them. Your optimal work rhythm might not match the internet's favorite technique. And that's fine. #Productivity #RemoteWork",https://floatjet.com/guides/pomodoro-technique-remote-workers/,,,
01/09/2026 12:00,"Added a plant to my home office last week. Small thing. Didn't expect it to matter. It matters. Something about having a living thing in the room changes the energy. Not in a mystical way—just visually. There's green. There's life. It's not just screens and cables and empty coffee cups. Taking care of it is also a nice micro-break. Check the soil. Water if needed. 30 seconds of doing something that isn't work. The plant won't make you more productive in any measurable way. It won't optimize your workflow or increase your output. But it makes the space feel less like a productivity machine and more like a place where a human spends time. That's worth something. Low maintenance options: pothos, snake plant, ZZ plant. All survive neglect. Trust me, I've tested this. #HomeOffice #RemoteWork",,,,
01/09/2026 16:00,"VPN feature that matters more than speed: the kill switch. Here's why. A VPN encrypts your traffic. Good. But what happens when the VPN connection drops? Most of the time, your device just switches back to your regular connection. Your traffic is now exposed. You might not even notice. A kill switch blocks all internet traffic if the VPN disconnects. Seems drastic but it's the point. Either you're protected or you're offline. No middle ground where you think you're protected but aren't. Tested this across several VPNs. Some kill switches work great. Some are buggy. Some are buried in settings you'd never find. It's the difference between theoretical security and actual security. If you're using a VPN for privacy, make sure this feature exists and is turned on. Otherwise you're only protected until the connection hiccups. #Cybersecurity #DigitalNomad",https://floatjet.com/tools/vpn-kill-switch-explained/,,,
01/10/2026 12:00,"Friday afternoon and I'm closing the laptop at 2pm. No guilt. No checking email later. Actually done for the week. This used to feel impossible. The freelancer brain says you should always be available. Always be working. Always be hustling. Rest is for people with real jobs. I bought into that for years. Burned out twice. Started resenting work I used to love. Now I protect rest time the way I protect client deadlines. It goes on the calendar. It's non-negotiable. If a client needs something urgently at 3pm Friday? Monday it is. Nobody has ever complained. Nobody has ever left because I take weekends. The desperation for availability was entirely self-imposed. If you're running ragged, this is your permission slip. Close the laptop. The work will still be there Monday. #WorkLifeBalance #FreelanceLife",,,,
01/10/2026 16:00,"Backing up files is one of those things everyone knows they should do and almost nobody does consistently. Until something breaks. Lost a hard drive once. Years ago. Most of my freelance work from that period—gone. Client files, project documentation, personal projects. All of it. Now I use the 3-2-1 rule. Three copies of important files. Two different types of storage (local and cloud). One copy offsite (the cloud counts). It sounds paranoid. It probably is. But the twenty minutes a week I spend on backups has paid off multiple times. Cloud storage outage? I have local copies. Laptop dies? Everything's in the cloud. Both fail simultaneously? Okay, that's never happened. But if it does, I'm ready. Don't wait until you lose something to care about backups. Set it up now. Future you will be grateful. #Productivity #RemoteWork",https://floatjet.com/tools/best-cloud-storage-remote-work/,,,
01/11/2026 12:00,"Saturday morning and I'm not working. Logged into nothing. Laptop is in the other room. This is the goal. Not the exception—the rule. The hardest part of remote work isn't the work. It's the boundaries. When your office is your home, work is always accessible. The laptop is right there. Just one quick email check. Just one small task. Just one more hour. It never stops unless you make it stop. My rules: No work apps on my phone. Laptop stays in the office after 6pm. Weekends are actual weekends. These sound extreme if you're used to always being available. But they're the only way I've found to actually rest. You can't recover if you're always slightly working. The mental load of availability is real even if you're not actually doing tasks. True rest requires disconnection. #WorkLifeBalance #RemoteWork",,,,
01/11/2026 16:00,"Noise canceling headphones remain the best remote work purchase I've made. Not close. Using them right now at a cafe that's playing music too loud. Without headphones: this place would be unusable for focused work. With headphones: barely notice the music. Just me and my thoughts and a coffee getting cold. The investment pays off every single day. If you work from anywhere other than a silent room, they're essential. Tested the main options over the past year. Sony WH-1000XM5 for best overall noise canceling. Bose for most comfortable long-term wear. AirPods Max for Apple ecosystem integration (but overpriced). All three are good. Can't go wrong with any of them. The cheap ones? Save your money. The noise canceling on budget options is barely there. This is one category where spending more actually matters. #RemoteWork #DigitalNomad",https://floatjet.com/gear/best-noise-canceling-headphones/,,,
01/12/2026 12:00,"Sunday evening planning is my least favorite activity that I refuse to skip. Looking at the calendar for the week ahead. Identifying the big priorities. Saying no to things preemptively. It takes maybe 30 minutes but sets up the entire week. Without it, Monday starts reactive. You open your inbox and let the emails dictate your priorities. Someone else's urgency becomes your focus. The week happens to you instead of you happening to the week. With it, you start Monday knowing exactly what matters. The inbox can wait. The messages can wait. The first 2-3 hours go to the priorities you identified when your brain was clear. Not everyone does weekly planning. That's fine. But if your weeks feel chaotic and you're always behind, try it for a month. Just 30 minutes every Sunday. See what changes. #Productivity #RemoteWork",,,,
01/12/2026 16:00,"International payments as a freelancer are annoying. Clients in different countries, different currencies, different platforms wanting their cut. Took me years to optimize this. What I've learned: Wise (formerly TransferWire) beats PayPal on fees for almost every transaction. Not even close. PayPal takes around 3-4% plus currency conversion fees. Wise takes maybe 0.5%. For a $5,000 invoice, that's the difference between paying $200 and paying $25. Payoneer is decent for certain marketplaces but not as good for direct transfers. Bank wires work but the fees are unpredictable and often high. My setup now: Wise for most international clients. PayPal only if the client insists. Local bank for domestic work. The fee savings over a year are significant. Not glamorous but neither is leaving money on the table. #FreelanceLife #DigitalNomad",https://floatjet.com/tools/wise-vs-paypal-vs-payoneer/,,,
01/13/2026 12:00,"Monday morning and my internet went down. Not for an hour—for the whole morning. The universe testing my backup plans. Good news: I have a mobile hotspot with unlimited data. Used my phone as a backup connection and kept working. Slower, but functional. Bad news: I almost didn't have this. Relied on home internet being reliable for years. The one time it mattered, I would have been completely stuck. Lesson learned. If you work remotely, you need backup internet. Phone hotspot at minimum. Dedicated mobile hotspot if you can expense it. Know the nearest cafe with good WiFi. Have a friend's address you can work from in emergencies. Redundancy isn't paranoia. It's professionalism. Clients don't care that your internet went down. They care that you missed the deadline. #RemoteWork #Productivity",https://floatjet.com/guides/internet-speed-remote-work/,,,
01/13/2026 16:00,"Project management tools are mostly about team coordination. If you're working solo, you probably don't need most of their features. Hot take, I know. Notion and ClickUp and Monday and Asana—they're built for teams. Multiple people tracking tasks. Assigning work. Commenting on progress. Sending updates. When it's just you? Apple Notes works fine. A paper notebook works fine. Whatever simple system you'll actually use works fine. I've seen solo freelancers spend hours setting up elaborate Notion databases and Kanban boards for work that could be tracked on a sticky note. It's not productivity. It's procrastination with a productivity aesthetic. Use the simple tool until you genuinely outgrow it. When you hire your first person or take on projects too complex to hold in your head, upgrade then. Not before. #Productivity #FreelanceLife",https://floatjet.com/tools/best-note-taking-apps/,,,
01/14/2026 12:00,"Got a phishing email yesterday that almost fooled me. It looked exactly like a real invoice from a service I actually use. Logo was right. Formatting was right. Even had a realistic invoice number. The only tell was the sender domain. Instead of company.com, it was company-invoices.com. Easy to miss if you're moving fast. I nearly clicked the attachment. What stopped me was habit. Always check the sender. Always. Even if the email looks legitimate. Especially if it asks you to do something—click, download, enter credentials. The phishing attempts get more sophisticated every year. AI makes it easier to create convincing fakes. Your only defense is healthy skepticism and basic verification habits. Check the sender. Hover over links before clicking. When in doubt, go directly to the website instead of clicking email links. Simple stuff that works. #Cybersecurity #RemoteWork",https://floatjet.com/guides/phishing-scams-remote-workers/,,,
01/14/2026 16:00,"Standing desk confession: I've been sitting more. A lot more. The standing desk that cost $400 and takes up half my office has been at sitting height for weeks. What happened? First, it got cold. Standing feels worse in winter somehow. Then I got lazy about switching. Then it just became a regular desk that sometimes goes up. Thinking about whether it was worth it. For some people, absolutely. They stand half the day, their back feels better, they swear by it. For me? Jury's still out. What actually helps my back more: getting up every hour and walking around. Movement breaks. Stretching. The standing desk lets me change position, which is good. But it didn't solve the core problem of being sedentary. If you're considering one, maybe try a standing desk converter first. Lower investment. Same flexibility. See if you actually use it before committing to the full thing. #HomeOffice #Productivity",https://floatjet.com/guides/are-standing-desks-actually-worth-it/,,,
01/15/2026 12:00,"Halfway through January. Checked on my resolutions from two weeks ago. The honest assessment: writing habit is going okay. Three articles done. Exercise routine has been inconsistent. The meditation thing lasted exactly four days. This is normal. The motivation surge of January first doesn't last. Systems beat motivation every time. What I'm adjusting: exercise gets scheduled like a client meeting. Immovable. Everything else works around it. The meditation wasn't working because I didn't have a trigger. Now it's paired with my morning coffee. Already happening anyway, just adding five minutes. Writing was already a habit so it's easy. Just protecting the morning blocks I already established. The goals that fail are usually missing a system. Wanting to do something isn't a plan. Having a specific time, place, and trigger—that's a plan. #Productivity #WorkLifeBalance",,,,
01/15/2026 16:00,"Time tracking week revealed something uncomfortable: I spend about 4 hours a day on billable work. Not 8. Not 6. Four. The rest is meetings, email, admin work, context switching, and honestly just thinking. Before the time tracking, I would have guessed 6-7 hours of productive work. The data says otherwise. This isn't a failure—it's reality. Deep focused work is exhausting. Most people can only sustain 3-4 hours of it per day. The rest of work time is necessary but lower intensity. The insight changed how I think about pricing. I was calculating my effective hourly rate based on 8-hour days. Reality: it should be based on 4-hour days of real output. If you're not tracking your time, try it for a week. Just observe. Don't try to optimize yet. The data is illuminating and slightly humbling. #Productivity #FreelanceLife",https://floatjet.com/tools/best-time-tracking-software/,,,
01/16/2026 12:00,"Client asked why I charge what I charge. Usually I hate this question. It feels like the start of a negotiation. This time I decided to just answer honestly. I sent my expense breakdown. Software subscriptions: $150/month. Coworking (cancelled but was $250). Health insurance: $600. Retirement savings: $500. Taxes: roughly 30%. Equipment depreciation. Professional development. The actual take-home from my ""high"" hourly rate isn't what it looks like on the invoice. They got quiet for a bit. Then they said they didn't realize how much running an independent practice costs. Not everyone will respond this way. Some will still want to negotiate down. But for the clients worth keeping, transparency builds respect. They understand you're running a business, not just trying to extract maximum dollars. Know your numbers. Be willing to share them when appropriate. #FreelanceLife #RemoteWork",,,,
01/16/2026 16:00,"The monitor debate: two screens vs one ultrawide vs just a laptop. Used all three setups extensively. Here's my take. Two monitors: better for reference work. Documentation on one screen, code on another. But also more temptation for distraction. It's easy to have Slack open on the second screen ""just in case."" One ultrawide: better for focus. One field of vision. You can still split-screen but it's more intentional. Feels cleaner. Just the laptop: surprisingly fine for most work. Forces prioritization. You can only see one thing at a time so you actually focus on it. I've done my best writing on a 13-inch laptop screen. My current setup: one 27-inch monitor for home. Laptop only when traveling. Sold the second monitor. The marginal benefit wasn't worth the visual clutter. Match the setup to how you actually work, not how you think you should work. #HomeOffice #Productivity",https://floatjet.com/guides/how-many-monitors-do-you-actually-need/,,,
01/17/2026 12:00,"Friday flex: finished everything important by noon. The afternoon is for errands and rest. The laptop stays closed. This used to make me feel guilty. Freelance culture says you should always be working. Available time is billable time. Rest is for the weak. All of that is wrong. Some weeks you work 50 hours because that's what the project needs. Other weeks you work 25 hours because you were efficient. Punishing efficiency by forcing more work teaches your brain to work slowly. I protect Friday afternoons now. If everything important is done, the week is done. The emails can wait until Monday. The prospecting can wait. The ""I should probably"" tasks can wait. Rest is part of the system. It's not what you do when you fail to find more work. It's what keeps you sustainable for the long run. #WorkLifeBalance #FreelanceLife",,,,
01/17/2026 16:00,"Email marketing tools comparison is finally ready. Tested ConvertKit, Mailchimp, Beehiiv, and Buttondown over the past few months. The verdict: they all do essentially the same thing with different UI and different pricing. ConvertKit: best for creators who want automations and sequences. The visual automation builder is genuinely good. Mailchimp: most familiar if you've been doing this for years. But the free tier keeps shrinking and prices keep climbing. Beehiiv: the new hotness for newsletters. Good growth features. Clean design. Buttondown: simple and cheap. No frills. Just sends emails reliably. For most people starting out: Buttondown is fine. Cheap, works, gets out of your way. For people with complex funnels: ConvertKit. For everyone else: whichever free trial you actually finish setting up. The best tool is the one you'll actually use. Analysis paralysis is the real enemy here. #FreelanceLife #Productivity",https://floatjet.com/tools/best-email-marketing-tools/,,,
01/18/2026 12:00,"Saturday morning and the laptop is tempting me from the other room. There's always something I could be doing. An email I could respond to. An article I could tweak. A lead I could follow up on. The freelancer brain never fully rests. It runs scenarios constantly. What if I lose that client? What if the invoice doesn't pay? What if the algorithm changes? The work feels like it's never done because it literally isn't. There's always more. More marketing. More outreach. More optimization. This is the trap. You can work yourself into exhaustion chasing ""more"" and still feel behind. The only answer I've found: set boundaries and accept that things will be left undone. Not everything is urgent. Most things can wait until Monday. The business will survive a weekend. Probably. Closing the laptop now. See you Monday, LinkedIn. #WorkLifeBalance #FreelanceLife",,,,
01/18/2026 16:00,"Travel adapter tip from someone who's been caught without one: get the universal adapter and just carry it always. Every time I've thought ""I probably won't need it for this trip"" I've needed it. Different countries have different outlet types. Even within regions there's variation. The universal adapters with multiple plugs seem bulky but they work everywhere. The ones with built-in USB ports are even better. One adapter, multiple devices charging. Current favorite: the ones that lay flat against the wall instead of sticking straight out. The sticking-out ones fall out of loose outlets. The flat ones stay put. Fifteen bucks. Weighs nothing. Saves you from the airport scramble when you realize your laptop is dying and the only charger you have won't fit. Just throw it in your bag permanently and forget about it. #DigitalNomad #RemoteWork",https://floatjet.com/gear/best-travel-adapters/,,,
01/19/2026 12:00,"Planning my first work trip of 2026. Already anxious about all the things that could go wrong. Will the WiFi work? Will I find a quiet place for calls? What if my laptop dies and I can't find an outlet? This used to paralyze me. Now I just prepare. Portable charger with enough juice for a full laptop charge. Universal travel adapter. Mobile hotspot as backup internet. Noise canceling headphones. Collapsible laptop stand (optional but nice). The preparation doesn't guarantee everything will go smoothly. But it does reduce the anxiety significantly. You're not wondering ""what if""—you're covered for most scenarios. The rest you figure out. Worked from airports, trains, cafes in countries where I didn't speak the language. It's always fine. The catastrophes you imagine rarely happen. And when they do, you adapt. #DigitalNomad #RemoteWork",https://floatjet.com/gear/best-portable-chargers-power-banks/,,,
01/19/2026 16:00,"Video call setup that works: good internet, decent audio, acceptable video. In that order. Prioritize accordingly. Internet: everything depends on this. 25+ Mbps upload for smooth video. Test before important calls. Have a backup plan. Audio: more important than video quality. People will tolerate blurry video but bad audio kills meetings. A $50 USB microphone changes everything. Video: the laptop webcam is fine if you have good lighting. Face a window. That's the whole tip. The elaborate setups with ring lights and expensive cameras and green screens? Nice to have. Not necessary. I've seen CEOs take calls from car front seats. As long as you're visible and audible, you're professional enough. The people who obsess over video quality are usually the ones who should be focused on what they're actually saying. Content over production value. Every time. #RemoteWork #Productivity",https://floatjet.com/tools/best-video-conferencing-tools/,,,
01/20/2026 12:00,"Monday morning and there's no motivation. None. The to-do list is long. The deadlines are real. And I'd rather do absolutely anything else. This is normal. Waiting for motivation is a trap. It doesn't come reliably. It's not coming this morning. What does work: start anyway. Do the smallest possible version of the first task. Motivation follows action, not the other way around. The psychological trick is just beginning. Any beginning. Open the document. Write one sentence. The rest usually follows. Not always. But usually. The days when motivation appears naturally are a gift. But you can't build a business on gifts. The reliable thing is the system. Same time, same place, same routine. Start whether you feel like it or not. Closing the motivation waiting room now. Work begins. #Productivity #RemoteWork",,,,
01/20/2026 16:00,"VPN question I get asked more than any other: do you actually need one? The honest answer: it depends. If you use public WiFi? Yes. Coffee shops, airports, hotels—all of these are attack surfaces. Someone on the same network can potentially see your traffic. VPN encrypts it. If you access sensitive accounts on public networks? Definitely yes. Banking, client portals, anything with passwords. If you work from home on your own network? Less critical but still useful for privacy. Your ISP can see everything you do. Some people care about that, some don't. If you travel internationally? Yes, for both security and accessing services that might be blocked in certain countries. For most remote workers, the answer is probably yes. The cost is minimal ($3-10/month). The protection is real. The peace of mind is worth something. Better to have it and not need it than need it and not have it. #Cybersecurity #RemoteWork",https://floatjet.com/guides/do-i-need-vpn-cafes/,,,
01/21/2026 12:00,"Tax season approaching. The annual ritual of finding every receipt, cursing my past self for not being more organized, and wondering if that coffee was a business expense. This year is better though. Actually tracked expenses throughout the year. Most of them anyway. The app I use (simple expense tracker, nothing fancy) just exports a CSV. Receipts are photographed and tagged. The accountant gets a organized folder instead of a shoebox. Home office deduction is real money. If you're self-employed and work from home, you're probably leaving hundreds or thousands on the table if you're not claiming it. Square footage method is simplest. Portion of your home used for work, applied to rent/mortgage, utilities, internet. Equipment is deductible. The standing desk. The monitor. The laptop. Spread over multiple years or taken upfront depending on the amount. Track everything. Keep receipts. Your future self will thank you. #FreelanceLife #Productivity",https://floatjet.com/tools/best-expense-tracking-apps/,,,
01/21/2026 16:00,"The cables under my desk are a disaster. There, I admitted it. I have excellent cable management advice. I've written about it. And my own setup looks like a spaghetti monster lives under there. The irony isn't lost on me. What I tell people: velcro ties, cable trays, label everything, route cables along desk legs. What I actually have: cables everywhere, tangled together, one mystery cord I'm afraid to unplug because I don't know what it powers. It works. Nobody sees it on video calls. The shame is entirely internal. Maybe this week I'll finally sort it out. Or maybe I'll continue living with the chaos because it doesn't actually affect my work and time is finite. Probably the second thing if I'm being honest. Perfect setups are for Instagram. Functional chaos is for real life. #HomeOffice #RemoteWork",https://floatjet.com/guides/cable-management-guide/,,,
01/22/2026 12:00,"Mechanical keyboard update: my partner hates it. The clacking is audible in video calls. The noise travels through walls. It sounds like aggressive typing even when I'm writing casually. I love it though. The feedback is satisfying. The build quality is excellent. My typing speed increased about 10%. First-world problem territory here. The solution: linear switches instead of clicky ones. Still satisfying but much quieter. Or just accept that you're the loud typer in the household and buy your partner nice headphones. Keyboards are weirdly personal. Some people need the premium feel. Some people are fine with whatever came with their laptop. Neither is wrong. Just know what you're optimizing for before spending $150 on something that might annoy everyone you live with. #HomeOffice #RemoteWork",https://floatjet.com/gear/best-mechanical-keyboards/,,,
01/22/2026 16:00,"Two-factor authentication PSA since I've been talking about security a lot: your backup codes matter as much as the main authentication. Here's the scenario that catches people: you set up 2FA with your phone number or an authenticator app. Great, you're secure. Then you lose your phone. Or switch phones and forget to transfer the authenticator. Or the app corrupts somehow. Now you're locked out of your own accounts. The backup codes are what save you. Most 2FA setups give you one-time recovery codes when you first enable it. Print them. Store them somewhere safe. Not on the device you're using for authentication. I keep mine in a physical folder in a drawer. Old school but works. Digital copy in an encrypted file on a separate device. The few minutes of setup prevents hours of account recovery hell. Do it once, forget about it, and have peace of mind. #Cybersecurity #RemoteWork",https://floatjet.com/guides/two-factor-authentication-guide/,,,
01/23/2026 12:00,"Client communication principle that took me years to learn: when in doubt, overcommunicate. Remote work removes all the subtle signals. You can't see if someone is nodding along or confused. You can't pop by their desk to clarify. You can't read body language in an email. So you compensate with words. More context than you think is necessary. More updates than might seem needed. More check-ins than feels comfortable. The fear is being annoying. The reality is people feel informed and trust you more. Clients don't leave because you sent too many status updates. They leave because they felt in the dark. A quick ""just checking in, here's where we are"" message takes 30 seconds. It saves hours of anxiety on both sides. Undercommunicating breeds misunderstanding. Overcommunicating builds trust. Err on the side of too much. #RemoteWork #FreelanceLife",https://floatjet.com/guides/avoid-miscommunication-remote-teams/,,,
01/23/2026 16:00,"Switched invoicing software last month. Was using Word documents like it was 2010. Looked professional enough but the manual work was killing me. Create invoice. Save as PDF. Attach to email. Track in spreadsheet. Follow up manually when payment is late. Repeat forever. Now it's automated. Invoice generates in 30 seconds. One click to send. Automatic reminders at 7, 14, and 30 days overdue. Payment tracking built in. The time savings are real but the mental savings are bigger. I used to worry about invoices. Did I send it? Did they receive it? Should I follow up yet? Now I just check the dashboard. Green means paid. Red means overdue (and they've already gotten reminders). The professional look helps too. Branded invoice. Clear payment terms. Online payment link. Clients take you more seriously when your backend looks organized. #FreelanceLife #Productivity",https://floatjet.com/tools/best-invoicing-tools/,,,
01/24/2026 12:00,"Friday productivity tip that's embarrassingly simple: close your tabs. I had 47 tabs open yesterday. Not because I needed them. Because closing tabs feels like losing options. The fear of ""I might need that later"" keeps everything open. Your browser becomes a graveyard of half-finished thoughts. Closed all but three this morning. The three actually relevant to today's work. Everything else: bookmarked if important, closed if not. The mental clarity is immediate. Fewer distractions in my peripheral vision. Less decision fatigue about which tab deserves attention. Less RAM usage making my laptop faster. The tabs will come back if you need them. Google still works. Your history is searchable. Letting them go doesn't mean losing the information. It means focusing on what matters now. Simple but effective. Try it. #Productivity #RemoteWork",,,,
01/24/2026 16:00,"Microphone quality matters more than camera quality on video calls. There, I said it. People will tolerate grainy video. They won't tolerate bad audio. It's uncomfortable. They'll ask you to repeat things. They'll disengage. A $50-100 USB microphone transforms your call quality. Clear voice, no echo, no laptop fan noise. The person on the other end doesn't have to strain to understand you. Current setup: a simple condenser mic on a desk stand. Nothing fancy. Sounds way better than the laptop microphone. The laptop mic picks up typing, the refrigerator humming, dogs barking outside. The dedicated mic picks up my voice. That's what it's designed to do. If you do calls regularly, this upgrade pays for itself in professionalism. Clients perceive you as more competent when they can hear you clearly. Fair or not, that's how it works. #RemoteWork #Productivity",https://floatjet.com/gear/best-microphones-remote-meetings/,,,
01/25/2026 12:00,"Weekend goals: leave the laptop closed. Don't check email. Actually rest for once. This is hard for me. The always-on mentality is deeply ingrained. Even when I'm not working, part of my brain is running work scenarios. What if a client emails? What if something breaks? What if I miss an opportunity? The answer is usually: it can wait until Monday. Nothing I do on a Saturday afternoon is so urgent that it couldn't wait 48 hours. The clients who demand instant weekend responses aren't worth having. The emergencies are rarely emergencies. The work world continues spinning whether I'm watching it or not. Setting this intention publicly for accountability. See you on Monday with hopefully a rested brain and some actual energy. #WorkLifeBalance #RemoteWork",,,,
01/25/2026 16:00,"Researching digital nomad visas for later this year. Portugal and Spain are the front-runners. Portugal: established program, clear requirements, path to permanent residency. Lower cost of living than Western Europe. Strong expat community. Lisbon and Porto are popular for a reason. Spain: newer program, still working out kinks. But Spain is Spain. The lifestyle is hard to beat. Weather, food, culture. Both require proof of income and health insurance. Both let you stay longer than tourist visas allow. Both are doors to the Schengen zone. The income requirements aren't crazy. If you're freelancing full-time, you probably qualify. The paperwork is annoying but doable. Thinking about spending three months somewhere with a real visa instead of visa-hopping. Stability sounds good. For a few months at least. #DigitalNomad #RemoteWork",https://floatjet.com/guides/digital-nomad-visa-portugal/,,,
01/26/2026 12:00,"Sunday evening planning session. Reviewing last week, setting up this week. The highlights: finished two articles, landed a new client, exercised three times (goal was four but close), and kept weekends mostly work-free. The lowlights: one invoice still unpaid after 45 days, a project scope got creepy without me noticing, and I spent too much time on a task that could have been delegated. This week's focus: chase that invoice, get the scope back under control, and delegate more. Just three things. The previous version of me would have listed twenty things and accomplished three of them while feeling bad about the seventeen. Constraints are liberating. When you can only pick three, you pick the important ones. Everything else waits. Setting up the week now. Monday starts with clarity instead of chaos. #Productivity #FreelanceLife",,,,
01/26/2026 16:00,"International freelancing tip that saves me real money: Wise (TransferWire) for receiving payments. The comparison against PayPal isn't close. PayPal fee: 2.9% + $0.30 per transaction, plus currency conversion at a bad rate. On a $5,000 invoice, you're losing maybe $200. Wise fee: 0.35-1% depending on the route. On the same invoice, maybe $30. That's $170 difference on one transaction. Multiply by a year of invoices and you're talking thousands of dollars. The setup takes 20 minutes. The ongoing effort is zero—it's just a different place to receive money. Some clients prefer PayPal and that's fine. For everyone else, Wise is the answer. Not sponsored. Just math. #FreelanceLife #DigitalNomad",https://floatjet.com/tools/wise-vs-paypal-vs-payoneer/,,,
01/27/2026 12:00,"Experiment starting today: turning off email notifications completely. Not just the sound—the entire notification system. No badge on the icon. No popup previews. Nothing pulling me out of focus. Will check email intentionally twice a day: morning and late afternoon. The theory: most emails aren't urgent. The ones that are will call or message on another channel. The constant email awareness fragments attention without providing real value. The fear: what if something actually urgent comes through and I miss it? The counter: in fifteen years of email, nothing has ever been so urgent that a 4-hour response window wouldn't have been fine. We've convinced ourselves that instant availability is professionalism. It's not. It's anxiety dressed up as responsiveness. Trying this for two weeks. Will report back on whether clients noticed or cared. Prediction: they won't. #Productivity #RemoteWork",,,,
01/27/2026 16:00,"Web hosting comparison is finally live. Tested five providers for uptime, speed, and support quality. The findings: uptime is mostly equal among established providers. Everyone claims 99.9% and mostly delivers. Speed depends more on what you're hosting and where your audience is than which provider you pick. CDN matters more than origin server. Support is where they actually differ. Some have real humans who solve problems. Some have ticket systems that respond in three days with canned answers. Some have chat that's actually helpful. The premium providers generally have better support but not always proportional to price. The budget hosts are fine for simple sites. The managed hosts are worth it when you'd rather pay than troubleshoot. Full breakdown with specific recommendations available now. #RemoteWork #Productivity",https://floatjet.com/tools/best-web-hosting-remote-business/,,,
01/28/2026 12:00,"Tax prep continues. Found a $400 deduction I almost missed: professional development. The online course I took in March. The conference ticket in June. The books about my industry. All deductible. The home office deduction is bigger than I thought too. Did the actual square footage calculation instead of just guessing. Turns out the office takes up more of my apartment than I realized. Also deductible: the percentage of internet, electric, and rent that corresponds to that space. This is money the government isn't asking for back. It's yours if you track it properly. Most freelancers underestimate their deductions because the tracking is tedious. But tedious beats leaving hundreds or thousands on the table. If you haven't done this yet for 2025, start now. Gather the receipts. Do the math. Your future self will appreciate the refund. #FreelanceLife #Productivity",https://floatjet.com/guides/freelancer-tax-deductions-guide/,,,
01/28/2026 16:00,"WiFi at this cafe is 3 Mbps. I tested it. Three megabits per second in 2026. My video call in 20 minutes requires about 5 Mbps minimum. The math isn't mathing. Switched to my phone hotspot. Burning through data but at least I'll be audible on the call. The lesson, reinforced for the hundredth time: always have backup internet when working remotely. The cute cafe might have terrible WiFi. The coworking space might have an outage. The hotel might throttle bandwidth during peak hours. Mobile hotspot is the answer. Unlimited data plan if you can get it. Know your data cap if you can't. Test the WiFi before you commit to working somewhere. Five-minute speed test saves an hour of frustration. Remote work is freedom until the WiFi fails. Then it's just being stuck somewhere you can't work. #DigitalNomad #RemoteWork",https://floatjet.com/blog/find-reliable-wifi-anywhere/,,,
01/29/2026 12:00,"Notion vs everything else debate: I'm staying with Notion. Tried switching to Obsidian for the local files. Tried Craft for the design. Tried just going back to Apple Notes for simplicity. Kept coming back. The thing about productivity tools is they're partially about features and mostly about what your brain is already trained to use. I know where things are in Notion. I know the keyboard shortcuts. I know how I organize projects. Starting over with a new tool means retraining all of that. The new tool would have to be significantly better to justify the switching cost. None of them were. Different, yes. Better enough? Not really. If your current system works, resist the urge to switch just because something shinier launched. The grass isn't greener. It's just different grass that you'll have to learn. #Productivity #RemoteWork",https://floatjet.com/tools/is-notion-worth-it/,,,
01/29/2026 16:00,"Retirement planning as a freelancer is terrifying and necessary. No employer match. No pension. No automatic deductions into a 401(k). Just you and compound interest, racing against time. Started late on this. Most freelancers do. You're so focused on surviving the early years that retirement feels like a distant problem. Then suddenly you're in your thirties or forties and the math looks different. The basics: open a solo 401(k) or SEP IRA. Contribute something. Anything. The earlier you start, the more time works for you instead of against you. Automate it if you can. Treat it like a bill you pay to yourself. The amount matters less than the habit. Even $200 a month, starting at 30, grows to meaningful money by 65. Starting at 40, it's harder but not impossible. Just more expensive. Future you is counting on present you to handle this. Don't let them down. #FreelanceLife #Productivity",https://floatjet.com/guides/retirement-savings-freelancer/,,,
01/30/2026 12:00,"Almost end of January. The month felt fast. That's the thing about remote work—time moves differently when every day looks similar. There's no commute to mark transitions. No office to leave at the end of the day. No clear separation between work time and not-work time. The solution I've found: artificial boundaries. Calendar blocking. Routine rituals. Physical transitions like closing the office door or going for a walk at the end of the day. The boundaries that used to be built into office life have to be created intentionally. It's extra work. But without them, the days blur into weeks into months and suddenly you're wondering where the year went. If January felt like it disappeared, that's a sign to add more structure. Not for productivity—for sanity. For remembering that you had a life outside of work. #RemoteWork #WorkLifeBalance",,,,
01/30/2026 16:00,"Slack vs Teams vs Discord: the eternal remote work debate. Used all three extensively. Here's the honest breakdown: Slack: the standard for a reason. Clean interface, good integrations, channels work how you expect. Expensive for larger teams but most freelancers use the free tier fine. Teams: better if you're already in the Microsoft ecosystem. Clunkier interface but deeply integrated with Office apps. Free tier is generous. Discord: originally for gaming but works surprisingly well for small teams and communities. Free forever. Less professional feeling but who cares if it works. The real answer: use whatever your clients or team already use. Tool wars are a waste of energy. They all send messages. They all have channels. They all have voice calls. The specific features matter less than everyone being on the same platform. Standardize on one and stop thinking about it. #RemoteWork #Productivity",https://floatjet.com/guides/slack-vs-teams-vs-discord/,,,
01/31/2026 12:00,"Last day of January 2026. Made it through the first month. Looking back: shipped five articles, landed three new clients, maintained boundaries on weekends (mostly), exercised semi-regularly, read two books. Not a bad month. The goal-setting thing worked. Three priorities instead of twenty. Focused effort instead of scattered attention. Most of the three got done. The twenty would have resulted in nothing completed and everything half-done. February approach: same thing. Pick three things that matter. Protect the time for them. Let everything else wait. The urgency is usually artificial. The deadlines that feel immovable often aren't. The busy-ness is often avoidance of the hard, important work. Here's to February. More of the same, hopefully a little better. Onward. #Productivity #RemoteWork",,,,
01/31/2026 16:00,"January review: what worked, what didn't, what's changing. Worked: the weekly planning sessions. The email notification experiment (nobody noticed or cared). The three-priority system. Protecting Friday afternoons. Didn't work: the exercise consistency. The early mornings (still not a morning person). The ambitious reading goal. Changing for February: lowering the exercise bar (three times a week instead of five). Stopping the early morning experiments (accepting who I am). Adjusting reading from books-per-month to pages-per-day. The theme: realistic over ambitious. Small sustainable changes over dramatic overhauls. Progress is better than perfection. What's carrying forward: everything that worked keeps going. No need to fix what isn't broken. The temptation is always to optimize everything at once. Resist it. Build on what works. Adjust what doesn't. Keep moving. See you in February. #Productivity #WorkLifeBalance",,,,
