12/21/2025 12:00,"Unpopular opinion: most productivity advice is written by people who've never had a real deadline. The whole ""batch your emails"" thing? Cool in theory. But when a client needs something by 3pm and you're ""batching"" until 4pm, that's a problem. What actually works: check email when it makes sense for YOUR work. Not when some guru says you should. The best system is the one you'll actually use. Not the one that looks good in a LinkedIn post. #Productivity #RemoteWork",,,,
12/21/2025 16:00,"Confession: I still connect to coffee shop WiFi without a VPN sometimes. I know. Bad habit. But the VPN I'm testing this week keeps dropping connections and reconnecting mid-task is genuinely annoying. Doesn't change the fact that public WiFi is sketchy though. Someone with basic tools can watch what you're doing. Packet sniffing takes maybe five minutes to learn. Seen it done at a conference once. What I actually want to find: a VPN that stays connected. Doesn't tank my speed. Doesn't require me to babysit it. Simple ask. Harder to find than you'd think. Testing three right now. Eliminating candidates. #RemoteWork #Cybersecurity",https://floatjet.com/guides/do-i-need-vpn-cafes/,,,
12/22/2025 12:00,"Three years into remote work and I finally figured out lighting. Spent way too long looking washed out on video calls. Bought a fancy ring light. Hated it. Made me look like I was being interrogated. What actually worked? Moving my desk to face the window. Free. Natural. Doesn't make me look like a suspect. Sometimes the solution isn't more gear. It's just rearranging what you already have. #RemoteWork #HomeOffice",,,,
12/22/2025 16:00,"Physical notebooks in 2024. Hear me out. Yeah I've got Notion, Apple Notes, whatever else. But when I'm thinking through something complicated - like mapping out an article or debugging a problem - paper still wins. Something about the lack of tabs and notifications. My brain works differently when the screen isn't involved. Not saying ditch your note apps. Just saying the productivity tool that works best might be the one that's been around for centuries. Mine's a cheap graph paper notebook from the office supply store. Ten bucks. Use it daily. Sometimes the low tech solution is the solution. #Productivity #RemoteWork",https://floatjet.com/tools/best-note-taking-apps/,,,
12/23/2025 12:00,"Figured out why I was exhausted after video calls. Wasn't the calls themselves. It was the back-to-back scheduling. No buffer. One call ends at 2:00. Next starts at 2:00. Zero time to process, make notes, or just breathe. Now I block 15 minutes after every call. Non-negotiable. Productivity actually went up because I'm not trying to context-switch while still thinking about the last conversation. Small change. Big difference. #RemoteWork #Productivity",,,,
12/23/2025 16:00,"Tested my first password manager for three weeks straight. Intentionally tried to break it. Logged in from random devices. Forgot my master password on purpose (scary). Tried the autofill on sketchy sites. Tested the family sharing. Verdict: surprisingly solid. Few complaints but nothing major. The real test though? What happens when you lose access to your main device. That recovery flow is where most password managers fall apart. This one handled it okay. Not great, just okay. Full comparison coming soon. Testing two more before I make recommendations. What do you care about most in a password manager? #Cybersecurity #Productivity",https://floatjet.com/tools/best-password-manager-remote-work/,,,
12/24/2025 12:00,"The website blocker I use has paid for itself ten times over. Not because I lack discipline. Because the internet is literally designed to steal your attention. Every site has a team of engineers optimizing for engagement. I'm one person with deadlines. Blocking YouTube and Twitter during work hours isn't weakness. It's just leveling the playing field. Takes me about three seconds to unblock if I actually need something. But that tiny friction is enough to break the autopilot habit. #Productivity #RemoteWork",https://floatjet.com/tools/best-productivity-apps/,,,
12/24/2025 16:00,"Wrapped up my first month of serious VPN testing. Ran speed tests from coffee shops, airports, hotels. Different countries, different servers, different times of day. The differences are wild. Same VPN, different location, completely different experience. What surprised me most: the marketing claims don't match reality. ""Fastest VPN"" means nothing without context. Fast where? Under what conditions? Got a clear favorite now. Writing up the full comparison. If you're paying for a VPN and frustrated with the speeds, might be worth checking out when it drops. #RemoteWork #Cybersecurity",https://floatjet.com/tools/best-vpn-digital-nomads/,,,
12/25/2025 12:00,"Christmas morning and I'm not working. Radical concept, I know. Took me years to stop feeling guilty about time off. The freelancer brain never fully shuts down. There's always something you could be doing. But burnout is real and it sneaks up on you. Learned that the hard way two years ago. Now I protect rest like I protect deadlines. Both are non-negotiable. Happy holidays to everyone who needs permission to log off today. This is it. #WorkLifeBalance #FreelanceLife",,,,
12/25/2025 16:00,"Holiday travel means working from weird places. Last year I did client calls from: a hotel lobby in Portugal, a ferry, my parents' basement (bad WiFi), and once from a parked car because it was the only quiet spot. The gear that actually mattered: Noise canceling headphones (saved me in the ferry situation). Portable charger (outlets are never where you need them). VPN (hotel WiFi is sketchy, need I say more). Laptop stand honestly didn't matter much when I was moving around constantly. Ergonomics go out the window when you're improvising. What's your essential travel work setup? #DigitalNomad #RemoteWork",,,,
12/26/2025 12:00,"Learned something about contracts this year: the payment terms matter more than the rate. Getting paid $100/hour NET-60 sounds great until you realize you're floating two months of work on your own dime. Meanwhile $80/hour NET-15 means you're actually getting paid while the project is still fresh in your mind. Started being way pickier about payment terms. Lost a few potential clients. Zero regrets. Cash flow beats hourly rate every time. #FreelanceLife #RemoteWork",https://floatjet.com/guides/invoice-payment-terms-guide/,,,
12/26/2025 16:00,"Did a full expense tracking audit this week. Looking at what I spent on tools and subscriptions over the year. Some observations: Paying for three things that do basically the same job. Classic. That ""free trial"" I forgot to cancel? Still charging me. The annual subscription math usually works out. Switched a few monthlies. Also realized I've been underreporting home office expenses for taxes. That standing desk, monitors, even part of the internet bill - all potentially deductible if you're self-employed. Gonna be more careful about tracking next year. Probably save a few hundred in taxes I was leaving on the table. #FreelanceLife #Productivity",https://floatjet.com/guides/can-you-write-off-home-office-equipment/,,,
12/27/2025 12:00,"Hot take: Slack is not the problem. How we use Slack is the problem. I've seen teams where Slack is a nightmare of notifications and urgency. And teams where it's calm and async. Same tool. Different culture. The tool doesn't create the chaos. The expectation that everyone should respond immediately creates the chaos. Set your status. Mute channels. Check on your schedule. Slack is supposed to work for you. Not the other way around. #RemoteWork #Productivity",,,,
12/27/2025 16:00,"Christmas week productivity tip: don't fight it. Most clients slow down. Meetings get canceled. Emails go unanswered until January. Use it. Wrap up loose ends. Do that admin work you've been avoiding. Plan next quarter. Or honestly, just take some time off. The hustle culture take of ""grind while everyone else is resting"" sounds good but burns you out. I tried it a few years back. Started January exhausted. This year I'm doing the opposite. Light work through the holidays. Full reset before 2025. What's your holiday work plan? #RemoteWork #WorkLifeBalance",,,,
12/28/2025 12:00,"Backup strategy that saved me twice this year: 3-2-1 rule. 3 copies of everything. 2 different storage types (like laptop + cloud). 1 offsite (cloud counts). Lost my laptop charger for a week in September. Had everything on cloud. Kept working from my phone and borrowed laptop. Then in November my cloud storage had an outage. Had local copies of everything important. Neither situation became a crisis because the backup was already there. Paranoid? Maybe. But also never lost a day of work. #Productivity #RemoteWork",https://floatjet.com/tools/best-cloud-storage-remote-work/,,,
12/28/2025 16:00,"Year end reflection: what I got wrong about remote work tools this year. Thought I needed more monitors. Turns out one good one is enough. Thought expensive keyboard was worth it. Honestly my fifty dollar one works fine. Thought I needed every productivity app. Actually just use three regularly. The pattern: simpler worked better. Less switching between tools. Less decision fatigue. More actual work. 2025 approach is gonna be minimal. One tool per job. Master it instead of constantly trying new stuff. Anyone else getting tool fatigue? #Productivity #RemoteWork",,,,
12/29/2025 12:00,"Planning for 2025 and doing something different this year. No massive goal list. No ""10X my revenue"" nonsense. Just three things I want to be better at by December. That's it. Three. More realistic. Actually achievable. And leaves room for the stuff you can't predict. Last year I had 47 goals on my list. Completed maybe 8. This year: finish the VPN comparison series, build the email list to 1000, take an actual vacation. Simple. Specific. Done. What's your approach to goal setting? #Productivity #NewYear",,,,
12/29/2025 16:00,"2024 tool verdict - what I'm keeping vs dropping. Keeping: 1Password (tried others, this one just works everywhere). Notion (yeah I know everyone uses it, it's actually good though). Current VPN (naming it in the full review dropping January). Dropping: That second project management tool I never opened. Cloud storage service #2 (consolidating everything). Premium Zoom (Google Meet is free and fine for my needs). The subscriptions add up fast. Did the math and I was spending like three hundred a month on tools. Cut it to maybe one fifty. What are you keeping or dropping for next year? #FreelanceLife #Productivity",https://floatjet.com/tools/best-productivity-apps/,,,
