12/22/2025 18:45,"Best time tracking software for billing clients accurately. Stop guessing how long things took. These tools make invoicing honest and easy",https://floatjet.com/tools/best-time-tracking-software,https://floatjet.com/images/pins/freelance-business-tools/dec/best-time-tracking-software-1.jpg
12/23/2025 13:45,"Best invoicing tools for freelancers. Get paid faster with professional invoices. These tools automate the boring parts",https://floatjet.com/tools/best-invoicing-tools,https://floatjet.com/images/pins/freelance-business-tools/dec/best-invoicing-tools-2.jpg
12/23/2025 19:15,"Best expense tracking apps for freelancers. Stop losing receipts and scrambling at tax time. These apps make tracking automatic",https://floatjet.com/tools/best-expense-tracking-apps,https://floatjet.com/images/pins/freelance-business-tools/dec/best-expense-tracking-apps-3.jpg
12/24/2025 03:15,"Best accounting software for freelancers. Because spreadsheets stop working when your business grows. These tools scale with you",https://floatjet.com/tools/best-accounting-software-freelancers,https://floatjet.com/images/pins/freelance-business-tools/dec/best-accounting-software-freelancers-4.jpg
12/25/2025 18:45,"Accept international payments as a freelancer. Stop losing money on fees. These methods save you thousands per year",https://floatjet.com/tools/accept-international-payments-freelancer,https://floatjet.com/images/pins/freelance-business-tools/dec/accept-international-payments-freelancer-5.jpg
12/26/2025 20:15,"Best CRM software for small businesses. Stop losing track of leads. These tools make follow-up automatic and organized",https://floatjet.com/blog/best-crm-software-small-business,https://floatjet.com/images/pins/freelance-business-tools/dec/best-crm-software-small-business-6.jpg
12/28/2025 14:45,"Time tracking that doesn't feel like surveillance. Track your hours without the Big Brother feeling. Client-friendly options",https://floatjet.com/tools/best-time-tracking-software,https://floatjet.com/images/pins/freelance-business-tools/dec/best-time-tracking-software-7.jpg
12/29/2025 03:15,"Invoicing mistakes that delay payment. The subtle things that make clients pay slower. Fix these and get paid faster",https://floatjet.com/tools/best-invoicing-tools,https://floatjet.com/images/pins/freelance-business-tools/dec/best-invoicing-tools-8.jpg
12/29/2025 18:15,"Expense tracking on autopilot. Connect your cards and forget about manually entering receipts. These apps sync everything",https://floatjet.com/tools/best-expense-tracking-apps,https://floatjet.com/images/pins/freelance-business-tools/dec/best-expense-tracking-apps-9.jpg
12/30/2025 02:15,"Accounting software for non-accountants. Tools that handle the complexity so you can focus on work, not bookkeeping",https://floatjet.com/tools/best-accounting-software-freelancers,https://floatjet.com/images/pins/freelance-business-tools/dec/best-accounting-software-freelancers-10.jpg
12/31/2025 14:45,"International payments for freelancers. Stop losing money on every transaction. These methods have the lowest fees",https://floatjet.com/tools/accept-international-payments-freelancer,https://floatjet.com/images/pins/freelance-business-tools/dec/accept-international-payments-freelancer-11.jpg
