12/21/2025 13:30,"The productivity apps everyone recommends vs the ones that actually help you get work done. I've used all of these for 6+ months. Some are overhyped, some are hidden gems. Full comparison inside",https://floatjet.com/tools/best-project-management-software,https://floatjet.com/images/pins/remote-work-tools/dec/best-project-management-software-1.webp
12/21/2025 18:30,"Notion vs ClickUp vs Monday - which one is actually worth your money? After using all three for real projects, the winner might surprise you",https://floatjet.com/tools/notion-vs-clickup-vs-monday,https://floatjet.com/images/pins/remote-work-tools/dec/notion-vs-clickup-vs-monday-2.webp
12/22/2025 18:30,"Best time tracking software for billing clients accurately. Stop guessing how long things took. These tools make invoicing honest and easy",https://floatjet.com/tools/best-time-tracking-software,https://floatjet.com/images/pins/remote-work-tools/dec/best-time-tracking-software-3.webp
12/23/2025 01:30,"Best video conferencing tools compared. Zoom alternatives that might actually be better for your team. Features, pricing, and quality tested",https://floatjet.com/tools/best-video-conferencing-tools,https://floatjet.com/images/pins/remote-work-tools/dec/best-video-conferencing-tools-4.webp
12/23/2025 02:30,"Slack vs Teams vs Discord for remote teams. After using all three, here's which one fits different team sizes and work styles",https://floatjet.com/guides/slack-vs-teams-vs-discord,https://floatjet.com/images/pins/remote-work-tools/dec/slack-vs-teams-vs-discord-5.webp
12/24/2025 01:30,"Best note-taking apps compared. Notion, Obsidian, Evernote, and more - which one fits how you actually think and work",https://floatjet.com/tools/best-note-taking-apps,https://floatjet.com/images/pins/remote-work-tools/dec/best-note-taking-apps-6.webp
12/24/2025 02:00,"Is Notion actually worth it? After 2 years of daily use, here's my honest assessment. The good, the frustrating, and who it's really for",https://floatjet.com/tools/is-notion-worth-it,https://floatjet.com/images/pins/remote-work-tools/dec/is-notion-worth-it-7.webp
12/24/2025 14:30,"Best email marketing tools for small businesses. Mailchimp alternatives that cost less and do more. Feature and price comparison",https://floatjet.com/tools/best-email-marketing-tools,https://floatjet.com/images/pins/remote-work-tools/dec/best-email-marketing-tools-8.webp
12/25/2025 18:00,"Best online course platforms compared. Want to create and sell courses? These platforms handle everything from hosting to payments",https://floatjet.com/tools/best-online-course-platforms,https://floatjet.com/images/pins/remote-work-tools/dec/best-online-course-platforms-9.webp
12/26/2025 03:00,"Best team communication tools. Beyond Slack - the apps that keep remote teams connected without notification overload",https://floatjet.com/blog/best-team-communication-tools,https://floatjet.com/images/pins/remote-work-tools/dec/best-team-communication-tools-10.webp
12/26/2025 20:00,"Best CRM software for small businesses. Stop losing track of leads. These tools make follow-up automatic and organized",https://floatjet.com/blog/best-crm-software-small-business,https://floatjet.com/images/pins/remote-work-tools/dec/best-crm-software-small-business-11.webp
12/27/2025 14:00,"Why most remote workers hate their project management tool. Common mistakes and how to pick one that actually fits your workflow",https://floatjet.com/tools/best-project-management-software,https://floatjet.com/images/pins/remote-work-tools/dec/best-project-management-software-12.webp
12/28/2025 14:30,"Time tracking that doesn't feel like surveillance. Track your hours without the Big Brother feeling. Client-friendly options",https://floatjet.com/tools/best-time-tracking-software,https://floatjet.com/images/pins/remote-work-tools/dec/best-time-tracking-software-13.webp
12/28/2025 20:00,"Zoom alternatives that are actually better. Video quality, reliability, and pricing compared. You might be overpaying",https://floatjet.com/tools/best-video-conferencing-tools,https://floatjet.com/images/pins/remote-work-tools/dec/best-video-conferencing-tools-14.webp
12/29/2025 01:30,"Team communication tool comparison. Slack vs Teams vs Discord features that actually matter for distributed teams",https://floatjet.com/guides/slack-vs-teams-vs-discord,https://floatjet.com/images/pins/remote-work-tools/dec/slack-vs-teams-vs-discord-15.webp
12/29/2025 20:00,"Note-taking app showdown. Tested for organization, search, and cross-device sync. The winner depends on how you think",https://floatjet.com/tools/best-note-taking-apps,https://floatjet.com/images/pins/remote-work-tools/dec/best-note-taking-apps-16.webp
12/30/2025 01:00,"Notion after 2 years - honest review update. What I love, what I've stopped using, and who should skip it",https://floatjet.com/tools/is-notion-worth-it,https://floatjet.com/images/pins/remote-work-tools/dec/is-notion-worth-it-17.webp
12/30/2025 13:30,"Email marketing on a budget. Free and cheap tools that compete with expensive platforms. Feature comparison",https://floatjet.com/tools/best-email-marketing-tools,https://floatjet.com/images/pins/remote-work-tools/dec/best-email-marketing-tools-18.webp
12/31/2025 14:00,"Online course platforms for creators. Build and sell courses without the tech headaches. Features and fees compared",https://floatjet.com/tools/best-online-course-platforms,https://floatjet.com/images/pins/remote-work-tools/dec/best-online-course-platforms-19.webp
