12/23/2025 14:30,"Best travel adapters for digital nomads. One adapter for every country. Tested in 20+ countries, here's what actually works everywhere",https://floatjet.com/gear/best-travel-adapters,https://floatjet.com/images/pins/travel-remote-workers/best-travel-adapters-1.webp
12/25/2025 19:00,"Can you work remotely from another country? The visa, tax, and legal questions answered. What you need to know before packing",https://floatjet.com/guides/can-you-work-remotely-another-country,https://floatjet.com/images/pins/travel-remote-workers/can-you-work-remotely-another-country-2.webp
12/26/2025 01:30,"Digital nomad visa Portugal - complete 2025 guide. Requirements, costs, timeline, and insider tips for getting approved",https://floatjet.com/guides/digital-nomad-visa-portugal,https://floatjet.com/images/pins/travel-remote-workers/digital-nomad-visa-portugal-3.webp
12/26/2025 13:00,"Digital nomad visa Spain - complete 2025 guide. How to get it, what it costs, and the real timeline from application to approval",https://floatjet.com/guides/digital-nomad-visa-spain,https://floatjet.com/images/pins/travel-remote-workers/digital-nomad-visa-spain-4.webp
12/26/2025 14:00,"Best coworking spaces in Lisbon for remote workers. Tested WiFi, community, and workspace quality. Skip the tourist traps",https://floatjet.com/guides/best-coworking-spaces-lisbon,https://floatjet.com/images/pins/travel-remote-workers/best-coworking-spaces-lisbon-5.webp
12/26/2025 18:00,"Best travel insurance for remote workers. Most policies exclude working abroad. These ones actually cover digital nomads",https://floatjet.com/blog/best-travel-insurance-remote-workers,https://floatjet.com/images/pins/travel-remote-workers/best-travel-insurance-remote-workers-6.webp
12/26/2025 19:00,"Top destinations for digital nomads in 2025. Cost of living, WiFi quality, visa options, and community scene compared",https://floatjet.com/blog/top-destinations-digital-nomads,https://floatjet.com/images/pins/travel-remote-workers/top-destinations-digital-nomads-7.webp
12/27/2025 02:00,"Essential travel tech for digital nomads. The gear that fits in a backpack and keeps you productive anywhere",https://floatjet.com/blog/essential-travel-tech-nomads,https://floatjet.com/images/pins/travel-remote-workers/essential-travel-tech-nomads-8.webp
12/27/2025 03:00,"Find reliable WiFi anywhere - tested methods. Hotel WiFi is a gamble. Here's how to guarantee good internet as a nomad",https://floatjet.com/blog/find-reliable-wifi-anywhere,https://floatjet.com/images/pins/travel-remote-workers/find-reliable-wifi-anywhere-9.webp
12/29/2025 13:30,"One travel adapter for every country. Tested in 20+ countries over 2 years. The one that survived and the ones that didn't",https://floatjet.com/gear/best-travel-adapters,https://floatjet.com/images/pins/travel-remote-workers/best-travel-adapters-10.webp
12/31/2025 18:00,"Working abroad legally. Visa options, tax implications, and the gray areas. What you need to know before leaving",https://floatjet.com/guides/can-you-work-remotely-another-country,https://floatjet.com/images/pins/travel-remote-workers/can-you-work-remotely-another-country-11.webp
12/31/2025 20:00,"Portugal digital nomad visa timeline. Realistic expectations based on recent applications. What to prepare first",https://floatjet.com/guides/digital-nomad-visa-portugal,https://floatjet.com/images/pins/travel-remote-workers/digital-nomad-visa-portugal-12.webp
