12/21/2025 13:00,"Tested 7 VPNs from airports and cafes across 12 countries. Here's which ones actually work for remote workers - speed tests, security breakdown, and honest pricing comparison included. Read the full review",https://floatjet.com/tools/best-vpn-digital-nomads,https://floatjet.com/images/pins/vpns-digital-nomads/best-vpn-digital-nomads-1.webp
12/21/2025 14:30,"Free VPN vs Paid VPN - what's the real difference? After testing both for 6 months, here's the honest truth about what you're actually getting (and what you're risking)",https://floatjet.com/tools/free-vpn-vs-paid-vpn,https://floatjet.com/images/pins/vpns-digital-nomads/free-vpn-vs-paid-vpn-2.webp
12/21/2025 20:00,"Do you actually need a VPN at cafes? The honest answer after 3 years of working from public WiFi worldwide. Spoiler: it depends on what you're doing",https://floatjet.com/guides/do-i-need-vpn-cafes,https://floatjet.com/images/pins/vpns-digital-nomads/do-i-need-vpn-cafes-3.webp
12/22/2025 01:00,"Password manager skeptic? I was too. Then I got hacked. Here's why every remote worker needs one and which ones are actually worth using",https://floatjet.com/tools/best-password-manager-remote-work,https://floatjet.com/images/pins/vpns-digital-nomads/best-password-manager-remote-work-4.webp
12/22/2025 18:00,"VPN kill switch explained in plain English. What it does, why you need it, and how to make sure yours is actually working",https://floatjet.com/tools/vpn-kill-switch-explained,https://floatjet.com/images/pins/vpns-digital-nomads/vpn-kill-switch-explained-5.webp
12/22/2025 19:30,"Two-factor authentication guide for remote workers. Which method is actually secure? SMS, authenticator apps, or hardware keys - here's the truth",https://floatjet.com/guides/two-factor-authentication-guide,https://floatjet.com/images/pins/vpns-digital-nomads/two-factor-authentication-guide-6.webp
12/23/2025 18:00,"How to set up a VPN on all your devices. Step-by-step guide for Windows, Mac, iPhone, Android, and even your router",https://floatjet.com/tools/how-to-setup-vpn-all-devices,https://floatjet.com/images/pins/vpns-digital-nomads/how-to-setup-vpn-all-devices-7.webp
12/23/2025 19:30,"Secure your home WiFi network in 15 minutes. Most people's networks are wide open. Here's how to actually protect yours",https://floatjet.com/guides/secure-home-wifi-network,https://floatjet.com/images/pins/vpns-digital-nomads/secure-home-wifi-network-8.webp
12/24/2025 01:00,"Phishing scams targeting remote workers - how to spot them. The attacks are getting sophisticated. Here's what to look for",https://floatjet.com/guides/phishing-scams-remote-workers,https://floatjet.com/images/pins/vpns-digital-nomads/phishing-scams-remote-workers-9.webp
12/24/2025 13:30,"Best VPN for streaming while traveling. Watch your home content from anywhere. Tested which VPNs actually work with Netflix, Hulu, and more",https://floatjet.com/tools/best-vpn-streaming-travel,https://floatjet.com/images/pins/vpns-digital-nomads/best-vpn-streaming-travel-10.webp
12/25/2025 02:00,"VPN vs Proxy for remote work - what's the difference? When to use each one, and why using both might be the answer",https://floatjet.com/guides/vpn-vs-proxy-remote-work,https://floatjet.com/images/pins/vpns-digital-nomads/vpn-vs-proxy-remote-work-11.webp
12/25/2025 14:00,"Do I really need a password manager? Short answer: yes. Long answer: here's exactly why and which one to get",https://floatjet.com/guides/do-i-really-need-password-manager,https://floatjet.com/images/pins/vpns-digital-nomads/do-i-really-need-password-manager-12.webp
12/26/2025 01:00,"Best business VPN for remote teams. Secure your entire company, not just one person. Features, pricing, and admin controls compared",https://floatjet.com/tools/best-business-vpn-remote-teams,https://floatjet.com/images/pins/vpns-digital-nomads/best-business-vpn-remote-teams-13.webp
12/26/2025 13:30,"VPN on public WiFi - is it really necessary? What hackers can actually see on open networks, and when you're overthinking it",https://floatjet.com/blog/vpn-public-wifi-guide,https://floatjet.com/images/pins/vpns-digital-nomads/vpn-public-wifi-guide-14.webp
12/27/2025 13:00,"Stop overpaying for VPNs. The features you actually need vs marketing hype. Most people can use a cheaper option",https://floatjet.com/tools/best-vpn-digital-nomads,https://floatjet.com/images/pins/vpns-digital-nomads/best-vpn-digital-nomads-15.webp
12/27/2025 18:00,"The VPN kill switch that saved my data. What happens when your VPN drops without one - a real story from public WiFi",https://floatjet.com/tools/vpn-kill-switch-explained,https://floatjet.com/images/pins/vpns-digital-nomads/vpn-kill-switch-explained-16.webp
12/27/2025 19:30,"Password manager comparison after 3 years of use. Switched twice, settled on one. Here's what makes the difference",https://floatjet.com/tools/best-password-manager-remote-work,https://floatjet.com/images/pins/vpns-digital-nomads/best-password-manager-remote-work-17.webp
12/27/2025 20:00,"VPN speed myths debunked. Your VPN isn't as slow as you think - these settings fix 90% of speed problems",https://floatjet.com/tools/best-vpn-digital-nomads,https://floatjet.com/images/pins/vpns-digital-nomads/best-vpn-digital-nomads-18.webp
12/28/2025 18:30,"2FA setup guide - which method is most secure? Hardware keys vs authenticator apps - the security tradeoffs explained",https://floatjet.com/guides/two-factor-authentication-guide,https://floatjet.com/images/pins/vpns-digital-nomads/two-factor-authentication-guide-19.webp
12/29/2025 14:00,"VPN router setup guide. Protect every device on your network with one configuration. Easier than you think",https://floatjet.com/tools/how-to-setup-vpn-all-devices,https://floatjet.com/images/pins/vpns-digital-nomads/how-to-setup-vpn-all-devices-20.webp
12/29/2025 18:30,"Home WiFi security in 15 minutes. Your network is probably exposed. These quick fixes protect your home office",https://floatjet.com/guides/secure-home-wifi-network,https://floatjet.com/images/pins/vpns-digital-nomads/secure-home-wifi-network-21.webp
12/29/2025 19:30,"Spot phishing emails instantly. The red flags that scammers hope you miss. Train your eye with these examples",https://floatjet.com/guides/phishing-scams-remote-workers,https://floatjet.com/images/pins/vpns-digital-nomads/phishing-scams-remote-workers-22.webp
12/30/2025 03:00,"Streaming VPN that works in 2025. Many VPNs claim Netflix access but fail. These actually unblock content reliably",https://floatjet.com/tools/best-vpn-streaming-travel,https://floatjet.com/images/pins/vpns-digital-nomads/best-vpn-streaming-travel-23.webp
12/31/2025 01:00,"VPN vs Proxy - when to use which. Different tools for different problems. Match the solution to your actual need",https://floatjet.com/guides/vpn-vs-proxy-remote-work,https://floatjet.com/images/pins/vpns-digital-nomads/vpn-vs-proxy-remote-work-24.webp
12/31/2025 13:00,"Password manager myths debunked. The security concerns that stop people and why they're mostly wrong",https://floatjet.com/guides/do-i-really-need-password-manager,https://floatjet.com/images/pins/vpns-digital-nomads/do-i-really-need-password-manager-25.webp
12/31/2025 19:30,"Business VPN for teams. Secure your entire company's remote connections. Admin features and pricing compared",https://floatjet.com/tools/best-business-vpn-remote-teams,https://floatjet.com/images/pins/vpns-digital-nomads/best-business-vpn-remote-teams-26.webp
12/21/2025 14:00,"Built my home office for under $500. Standing desk, monitor, chair, lighting - everything you need. No aesthetic Instagram setup, just what actually makes working from home comfortable",https://floatjet.com/guides/budget-home-office-setup-500,https://floatjet.com/images/pins/home-office-setup/budget-home-office-setup-500-1.webp
12/21/2025 18:00,"7 best standing desks under $500. Tested for stability, motor quality, and real-world use. Some Amazon favorites failed hard. Here's what actually holds up",https://floatjet.com/gear/best-standing-desks,https://floatjet.com/images/pins/home-office-setup/best-standing-desks-2.webp
12/21/2025 19:00,"The complete home office checklist nobody tells you about. 47 items organized by priority. Print this before you spend money on the wrong things",https://floatjet.com/guides/complete-home-office-checklist,https://floatjet.com/images/pins/home-office-setup/complete-home-office-checklist-3.webp
12/22/2025 19:00,"Minimalist home office setup that actually works. No Pinterest perfectionism - just the essentials that boost productivity without the clutter",https://floatjet.com/guides/minimalist-home-office-setup,https://floatjet.com/images/pins/home-office-setup/minimalist-home-office-setup-4.webp
12/23/2025 14:00,"Cable management guide for home offices. Because a mess of cables is distracting, unprofessional, and actually a fire hazard",https://floatjet.com/guides/cable-management-guide,https://floatjet.com/images/pins/home-office-setup/cable-management-guide-5.webp
12/24/2025 02:30,"Are standing desks actually worth the money? The research, my experience after 1 year, and who should skip them entirely",https://floatjet.com/guides/are-standing-desks-actually-worth-it,https://floatjet.com/images/pins/home-office-setup/are-standing-desks-actually-worth-it-6.webp
12/26/2025 18:30,"Ultimate home office setup guide. Everything you need for a productive workspace - organized by budget and priority",https://floatjet.com/blog/ultimate-home-office-setup,https://floatjet.com/images/pins/home-office-setup/ultimate-home-office-setup-7.webp
12/27/2025 13:30,"The standing desk I use every day after testing 12 models. Stability, height range, and what breaks after a year",https://floatjet.com/gear/best-standing-desks,https://floatjet.com/images/pins/home-office-setup/best-standing-desks-8.webp
12/27/2025 14:30,"Home office setup mistakes that cost me thousands. Learn from my expensive errors before making your own",https://floatjet.com/guides/budget-home-office-setup-500,https://floatjet.com/images/pins/home-office-setup/budget-home-office-setup-500-9.webp
12/27/2025 19:00,"The real cost of a home office setup. Hidden expenses nobody mentions. Budget this amount before you start buying",https://floatjet.com/guides/complete-home-office-checklist,https://floatjet.com/images/pins/home-office-setup/complete-home-office-checklist-10.webp
12/28/2025 18:00,"Minimalist desk setup that boosts productivity. Remove the clutter, remove the distraction. Here's what to keep",https://floatjet.com/guides/minimalist-home-office-setup,https://floatjet.com/images/pins/home-office-setup/minimalist-home-office-setup-11.webp
12/29/2025 13:00,"Cable management in 30 minutes. Transform a cable nightmare into clean workspace. Materials list and step-by-step process",https://floatjet.com/guides/cable-management-guide,https://floatjet.com/images/pins/home-office-setup/cable-management-guide-12.webp
12/30/2025 01:30,"Standing desk 1-year review. What breaks, what lasts, and whether the health benefits are real or placebo",https://floatjet.com/guides/are-standing-desks-actually-worth-it,https://floatjet.com/images/pins/home-office-setup/are-standing-desks-actually-worth-it-13.webp
12/21/2025 14:00,"Built my home office for under $500. Standing desk, monitor, chair, lighting - everything you need. No aesthetic Instagram setup, just what actually makes working from home comfortable",https://floatjet.com/guides/budget-home-office-setup-500,https://floatjet.com/images/pins/budget-home-office/budget-home-office-setup-500-1.webp
12/21/2025 18:00,"7 best standing desks under $500. Tested for stability, motor quality, and real-world use. Some Amazon favorites failed hard. Here's what actually holds up",https://floatjet.com/gear/best-standing-desks,https://floatjet.com/images/pins/budget-home-office/best-standing-desks-2.webp
12/21/2025 19:00,"The complete home office checklist nobody tells you about. 47 items organized by priority. Print this before you spend money on the wrong things",https://floatjet.com/guides/complete-home-office-checklist,https://floatjet.com/images/pins/budget-home-office/complete-home-office-checklist-3.webp
12/27/2025 14:30,"Home office setup mistakes that cost me thousands. Learn from my expensive errors before making your own",https://floatjet.com/guides/budget-home-office-setup-500,https://floatjet.com/images/pins/budget-home-office/budget-home-office-setup-500-4.webp
12/27/2025 13:30,"The standing desk I use every day after testing 12 models. Stability, height range, and what breaks after a year",https://floatjet.com/gear/best-standing-desks,https://floatjet.com/images/pins/budget-home-office/best-standing-desks-5.webp
12/27/2025 19:00,"The real cost of a home office setup. Hidden expenses nobody mentions. Budget this amount before you start buying",https://floatjet.com/guides/complete-home-office-checklist,https://floatjet.com/images/pins/budget-home-office/complete-home-office-checklist-6.webp
12/21/2025 19:30,"Best noise-canceling headphones for remote work. Not for music - for actual focus. Tested in coffee shops, coworking spaces, and home offices with kids",https://floatjet.com/gear/best-noise-canceling-headphones,https://floatjet.com/images/pins/laptops-tech-gear/best-noise-canceling-headphones-1.webp
12/22/2025 02:00,"Best laptops for remote work in 2025. Not the flashiest specs - the ones that actually matter when you're working from anywhere",https://floatjet.com/gear/best-laptops-remote-work,https://floatjet.com/images/pins/laptops-tech-gear/best-laptops-remote-work-2.webp
12/22/2025 13:00,"Best webcams for video calls that don't make you look like a potato. Tested lighting, autofocus, and microphone quality in real meetings",https://floatjet.com/gear/best-webcams-video-calls,https://floatjet.com/images/pins/laptops-tech-gear/best-webcams-video-calls-3.webp
12/22/2025 14:30,"Best microphones for remote meetings. Your laptop mic is making you sound unprofessional. These affordable upgrades fix that instantly",https://floatjet.com/gear/best-microphones-remote-meetings,https://floatjet.com/images/pins/laptops-tech-gear/best-microphones-remote-meetings-4.webp
12/22/2025 20:00,"Best portable chargers for remote workers. Because running out of battery in a cafe is not an option. Tested capacity claims vs reality",https://floatjet.com/gear/best-portable-chargers-power-banks,https://floatjet.com/images/pins/laptops-tech-gear/best-portable-chargers-power-banks-5.webp
12/23/2025 02:00,"How many monitors do you actually need? The honest answer based on what you do. For some people, one is enough. For others, three is barely cutting it",https://floatjet.com/guides/how-many-monitors-do-you-actually-need,https://floatjet.com/images/pins/laptops-tech-gear/how-many-monitors-do-you-actually-need-6.webp
12/23/2025 03:00,"Best mechanical keyboards for remote work. Not for gaming - for typing all day without wrist pain. Tested switches, noise levels, and ergonomics",https://floatjet.com/gear/best-mechanical-keyboards,https://floatjet.com/images/pins/laptops-tech-gear/best-mechanical-keyboards-7.webp
12/23/2025 14:30,"Best travel adapters for digital nomads. One adapter for every country. Tested in 20+ countries, here's what actually works everywhere",https://floatjet.com/gear/best-travel-adapters,https://floatjet.com/images/pins/laptops-tech-gear/best-travel-adapters-8.webp
12/24/2025 18:00,"Can you use a personal laptop for remote work? The security, legal, and practical considerations you need to think about",https://floatjet.com/guides/personal-laptop-remote-work,https://floatjet.com/images/pins/laptops-tech-gear/personal-laptop-remote-work-9.webp
12/25/2025 01:00,"What makes a laptop good for remote work? The specs that actually matter vs marketing fluff. Know what to look for before buying",https://floatjet.com/guides/what-makes-laptop-good-remote-work,https://floatjet.com/images/pins/laptops-tech-gear/what-makes-laptop-good-remote-work-10.webp
12/27/2025 02:00,"Essential travel tech for digital nomads. The gear that fits in a backpack and keeps you productive anywhere",https://floatjet.com/blog/essential-travel-tech-nomads,https://floatjet.com/images/pins/laptops-tech-gear/essential-travel-tech-nomads-11.webp
12/27/2025 18:30,"Noise-canceling headphones changed my remote work life. Here's the pair that handles everything from coffee shops to construction sites",https://floatjet.com/gear/best-noise-canceling-headphones,https://floatjet.com/images/pins/laptops-tech-gear/best-noise-canceling-headphones-12.webp
12/28/2025 01:30,"Laptop buying guide for remote workers. Ignore the gaming specs. Here's what actually matters for work productivity",https://floatjet.com/gear/best-laptops-remote-work,https://floatjet.com/images/pins/laptops-tech-gear/best-laptops-remote-work-13.webp
12/28/2025 03:00,"Webcam upgrade that makes you look professional. The one thing that improves video call presence more than lighting",https://floatjet.com/gear/best-webcams-video-calls,https://floatjet.com/images/pins/laptops-tech-gear/best-webcams-video-calls-14.webp
12/28/2025 14:00,"Microphone upgrade for remote meetings - worth every penny. Sound quality affects how seriously people take you",https://floatjet.com/gear/best-microphones-remote-meetings,https://floatjet.com/images/pins/laptops-tech-gear/best-microphones-remote-meetings-15.webp
12/28/2025 19:00,"Power bank for laptop charging - do they actually work? Tested capacity, charging speed, and airplane compliance",https://floatjet.com/gear/best-portable-chargers-power-banks,https://floatjet.com/images/pins/laptops-tech-gear/best-portable-chargers-power-banks-16.webp
12/29/2025 01:00,"Single vs dual monitor productivity myth. The research vs the reality. Some people genuinely work better with one screen",https://floatjet.com/guides/how-many-monitors-do-you-actually-need,https://floatjet.com/images/pins/laptops-tech-gear/how-many-monitors-do-you-actually-need-17.webp
12/29/2025 02:00,"Mechanical keyboard for all-day typing. Switch types explained in plain English. Find the feel that doesn't hurt your wrists",https://floatjet.com/gear/best-mechanical-keyboards,https://floatjet.com/images/pins/laptops-tech-gear/best-mechanical-keyboards-18.webp
12/29/2025 13:30,"One travel adapter for every country. Tested in 20+ countries over 2 years. The one that survived and the ones that didn't",https://floatjet.com/gear/best-travel-adapters,https://floatjet.com/images/pins/laptops-tech-gear/best-travel-adapters-19.webp
12/30/2025 14:00,"Personal laptop for work - the security risks. What IT departments worry about and how to protect yourself",https://floatjet.com/guides/personal-laptop-remote-work,https://floatjet.com/images/pins/laptops-tech-gear/personal-laptop-remote-work-20.webp
12/30/2025 19:30,"Laptop specs that matter for remote work. CPU benchmarks mean nothing. Focus on these specs instead",https://floatjet.com/guides/what-makes-laptop-good-remote-work,https://floatjet.com/images/pins/laptops-tech-gear/what-makes-laptop-good-remote-work-21.webp
12/22/2025 01:30,"Morning routine that actually works for remote workers. Not the 5am cold shower nonsense - practical habits that fit real life",https://floatjet.com/guides/morning-routine-remote-work,https://floatjet.com/images/pins/productivity-tips/morning-routine-remote-work-1.webp
12/22/2025 02:30,"How to stay focused working from home when everything is a distraction. Real strategies from someone who's been doing this for 5 years",https://floatjet.com/guides/how-to-stay-focused-working-from-home,https://floatjet.com/images/pins/productivity-tips/how-to-stay-focused-working-from-home-2.webp
12/22/2025 14:00,"The Pomodoro technique actually works for remote workers. Here's exactly how to use it (and the one modification that makes it 10x better)",https://floatjet.com/guides/pomodoro-technique-remote-workers,https://floatjet.com/images/pins/productivity-tips/pomodoro-technique-remote-workers-3.webp
12/23/2025 13:00,"Working remotely in a different time zone? Here's how to make it work without burning out or annoying your team",https://floatjet.com/guides/work-remotely-different-time-zones,https://floatjet.com/images/pins/productivity-tips/work-remotely-different-time-zones-4.webp
12/23/2025 18:30,"Email etiquette for remote teams. The unwritten rules that make you look professional (and the mistakes making you look bad)",https://floatjet.com/guides/email-etiquette-remote-teams,https://floatjet.com/images/pins/productivity-tips/email-etiquette-remote-teams-5.webp
12/24/2025 13:00,"Remote team collaboration best practices. What actually works vs what sounds good in articles. Tested with distributed teams",https://floatjet.com/guides/remote-team-collaboration-best-practices,https://floatjet.com/images/pins/productivity-tips/remote-team-collaboration-best-practices-6.webp
12/24/2025 18:30,"What internet speed do you actually need for remote work? Video calls, file transfers, and cloud apps - here are the real requirements",https://floatjet.com/guides/internet-speed-remote-work,https://floatjet.com/images/pins/productivity-tips/internet-speed-remote-work-7.webp
12/24/2025 19:00,"Avoid miscommunication in remote teams. The specific phrases and habits that prevent 90% of remote work drama",https://floatjet.com/guides/avoid-miscommunication-remote-teams,https://floatjet.com/images/pins/productivity-tips/avoid-miscommunication-remote-teams-8.webp
12/24/2025 20:00,"Time blocking vs time tracking - which works better? Tried both methods for 6 months. Here's what I learned about productivity",https://floatjet.com/guides/time-blocking-vs-time-tracking,https://floatjet.com/images/pins/productivity-tips/time-blocking-vs-time-tracking-9.webp
12/25/2025 13:00,"How to run effective remote meetings. Stop wasting everyone's time. These rules make virtual meetings actually productive",https://floatjet.com/guides/how-to-run-effective-remote-meetings,https://floatjet.com/images/pins/productivity-tips/how-to-run-effective-remote-meetings-10.webp
12/26/2025 02:30,"Async communication for remote teams. Stop expecting instant replies. Here's how async-first teams actually work",https://floatjet.com/blog/async-communication-remote-teams,https://floatjet.com/images/pins/productivity-tips/async-communication-remote-teams-11.webp
12/26/2025 14:30,"Managing time zones in remote teams. Tools and techniques that actually work when your team spans the globe",https://floatjet.com/blog/managing-time-zones-remote-teams,https://floatjet.com/images/pins/productivity-tips/managing-time-zones-remote-teams-12.webp
12/28/2025 01:00,"Remote work morning routine that takes 20 minutes. Skip the 2-hour productivity theater - just what actually works",https://floatjet.com/guides/morning-routine-remote-work,https://floatjet.com/images/pins/productivity-tips/morning-routine-remote-work-13.webp
12/28/2025 02:00,"Focus techniques that work from home. Not motivation tips - actual systems that create focus in distracting environments",https://floatjet.com/guides/how-to-stay-focused-working-from-home,https://floatjet.com/images/pins/productivity-tips/how-to-stay-focused-working-from-home-14.webp
12/28/2025 13:30,"Pomodoro technique variation for creative work. The standard method fails for deep work - here's the modified version",https://floatjet.com/guides/pomodoro-technique-remote-workers,https://floatjet.com/images/pins/productivity-tips/pomodoro-technique-remote-workers-15.webp
12/29/2025 02:30,"Time zone management for remote workers. Tools and habits that prevent scheduling disasters with global clients",https://floatjet.com/guides/work-remotely-different-time-zones,https://floatjet.com/images/pins/productivity-tips/work-remotely-different-time-zones-16.webp
12/29/2025 14:30,"Remote email mistakes that hurt your reputation. The phrases that sound rude in text. Avoid these common blunders",https://floatjet.com/guides/email-etiquette-remote-teams,https://floatjet.com/images/pins/productivity-tips/email-etiquette-remote-teams-17.webp
12/30/2025 02:30,"Remote team collaboration that actually works. Skip the forced fun and focus on what productive teams do differently",https://floatjet.com/guides/remote-team-collaboration-best-practices,https://floatjet.com/images/pins/productivity-tips/remote-team-collaboration-best-practices-18.webp
12/30/2025 14:30,"Internet speed test for remote work. What the numbers actually mean and the minimum you need for reliable video calls",https://floatjet.com/guides/internet-speed-remote-work,https://floatjet.com/images/pins/productivity-tips/internet-speed-remote-work-19.webp
12/30/2025 18:00,"Remote team miscommunication solved. Specific templates and phrases that prevent the drama before it starts",https://floatjet.com/guides/avoid-miscommunication-remote-teams,https://floatjet.com/images/pins/productivity-tips/avoid-miscommunication-remote-teams-20.webp
12/30/2025 19:00,"Time blocking method that sticks. Most people try it and quit. This approach makes it sustainable long-term",https://floatjet.com/guides/time-blocking-vs-time-tracking,https://floatjet.com/images/pins/productivity-tips/time-blocking-vs-time-tracking-21.webp
12/31/2025 02:30,"Remote meeting rules that save everyone's time. Agenda templates and time limits that actually get followed",https://floatjet.com/guides/how-to-run-effective-remote-meetings,https://floatjet.com/images/pins/productivity-tips/how-to-run-effective-remote-meetings-22.webp
12/21/2025 13:30,"The productivity apps everyone recommends vs the ones that actually help you get work done. I've used all of these for 6+ months. Some are overhyped, some are hidden gems. Full comparison inside",https://floatjet.com/tools/best-project-management-software,https://floatjet.com/images/pins/remote-work-tools/best-project-management-software-1.webp
12/21/2025 18:30,"Notion vs ClickUp vs Monday - which one is actually worth your money? After using all three for real projects, the winner might surprise you",https://floatjet.com/tools/notion-vs-clickup-vs-monday,https://floatjet.com/images/pins/remote-work-tools/notion-vs-clickup-vs-monday-2.webp
12/22/2025 18:30,"Best time tracking software for billing clients accurately. Stop guessing how long things took. These tools make invoicing honest and easy",https://floatjet.com/tools/best-time-tracking-software,https://floatjet.com/images/pins/remote-work-tools/best-time-tracking-software-3.webp
12/23/2025 01:30,"Best video conferencing tools compared. Zoom alternatives that might actually be better for your team. Features, pricing, and quality tested",https://floatjet.com/tools/best-video-conferencing-tools,https://floatjet.com/images/pins/remote-work-tools/best-video-conferencing-tools-4.webp
12/23/2025 02:30,"Slack vs Teams vs Discord for remote teams. After using all three, here's which one fits different team sizes and work styles",https://floatjet.com/guides/slack-vs-teams-vs-discord,https://floatjet.com/images/pins/remote-work-tools/slack-vs-teams-vs-discord-5.webp
12/24/2025 01:30,"Best note-taking apps compared. Notion, Obsidian, Evernote, and more - which one fits how you actually think and work",https://floatjet.com/tools/best-note-taking-apps,https://floatjet.com/images/pins/remote-work-tools/best-note-taking-apps-6.webp
12/24/2025 02:00,"Is Notion actually worth it? After 2 years of daily use, here's my honest assessment. The good, the frustrating, and who it's really for",https://floatjet.com/tools/is-notion-worth-it,https://floatjet.com/images/pins/remote-work-tools/is-notion-worth-it-7.webp
12/24/2025 14:30,"Best email marketing tools for small businesses. Mailchimp alternatives that cost less and do more. Feature and price comparison",https://floatjet.com/tools/best-email-marketing-tools,https://floatjet.com/images/pins/remote-work-tools/best-email-marketing-tools-8.webp
12/25/2025 18:00,"Best online course platforms compared. Want to create and sell courses? These platforms handle everything from hosting to payments",https://floatjet.com/tools/best-online-course-platforms,https://floatjet.com/images/pins/remote-work-tools/best-online-course-platforms-9.webp
12/26/2025 03:00,"Best team communication tools. Beyond Slack - the apps that keep remote teams connected without notification overload",https://floatjet.com/blog/best-team-communication-tools,https://floatjet.com/images/pins/remote-work-tools/best-team-communication-tools-10.webp
12/26/2025 20:00,"Best CRM software for small businesses. Stop losing track of leads. These tools make follow-up automatic and organized",https://floatjet.com/blog/best-crm-software-small-business,https://floatjet.com/images/pins/remote-work-tools/best-crm-software-small-business-11.webp
12/27/2025 14:00,"Why most remote workers hate their project management tool. Common mistakes and how to pick one that actually fits your workflow",https://floatjet.com/tools/best-project-management-software,https://floatjet.com/images/pins/remote-work-tools/best-project-management-software-12.webp
12/28/2025 14:30,"Time tracking that doesn't feel like surveillance. Track your hours without the Big Brother feeling. Client-friendly options",https://floatjet.com/tools/best-time-tracking-software,https://floatjet.com/images/pins/remote-work-tools/best-time-tracking-software-13.webp
12/28/2025 20:00,"Zoom alternatives that are actually better. Video quality, reliability, and pricing compared. You might be overpaying",https://floatjet.com/tools/best-video-conferencing-tools,https://floatjet.com/images/pins/remote-work-tools/best-video-conferencing-tools-14.webp
12/29/2025 01:30,"Team communication tool comparison. Slack vs Teams vs Discord features that actually matter for distributed teams",https://floatjet.com/guides/slack-vs-teams-vs-discord,https://floatjet.com/images/pins/remote-work-tools/slack-vs-teams-vs-discord-15.webp
12/29/2025 20:00,"Note-taking app showdown. Tested for organization, search, and cross-device sync. The winner depends on how you think",https://floatjet.com/tools/best-note-taking-apps,https://floatjet.com/images/pins/remote-work-tools/best-note-taking-apps-16.webp
12/30/2025 01:00,"Notion after 2 years - honest review update. What I love, what I've stopped using, and who should skip it",https://floatjet.com/tools/is-notion-worth-it,https://floatjet.com/images/pins/remote-work-tools/is-notion-worth-it-17.webp
12/30/2025 13:30,"Email marketing on a budget. Free and cheap tools that compete with expensive platforms. Feature comparison",https://floatjet.com/tools/best-email-marketing-tools,https://floatjet.com/images/pins/remote-work-tools/best-email-marketing-tools-18.webp
12/31/2025 14:00,"Online course platforms for creators. Build and sell courses without the tech headaches. Features and fees compared",https://floatjet.com/tools/best-online-course-platforms,https://floatjet.com/images/pins/remote-work-tools/best-online-course-platforms-19.webp
12/22/2025 03:00,"Web hosting for remote businesses - shared vs VPS vs dedicated explained. Stop overpaying for features you don't need",https://floatjet.com/tools/shared-vs-vps-vs-dedicated-hosting,https://floatjet.com/images/pins/web-hosting/shared-vs-vps-vs-dedicated-hosting-1.webp
12/23/2025 20:00,"Best web hosting for remote businesses. Uptime, speed, and support compared. These hosts won't let you down when clients are waiting",https://floatjet.com/tools/best-web-hosting-remote-business,https://floatjet.com/images/pins/web-hosting/best-web-hosting-remote-business-2.webp
12/24/2025 19:30,"Best ecommerce hosting compared. WooCommerce, Shopify hosting, and dedicated solutions. For stores that need speed and uptime",https://floatjet.com/tools/best-ecommerce-hosting,https://floatjet.com/images/pins/web-hosting/best-ecommerce-hosting-3.webp
12/25/2025 02:30,"Migrate your website without downtime. Step-by-step guide for zero-disruption hosting moves. Your clients won't notice a thing",https://floatjet.com/tools/migrate-website-without-downtime,https://floatjet.com/images/pins/web-hosting/migrate-website-without-downtime-4.webp
12/25/2025 13:30,"Best VPS hosting for remote businesses. When shared hosting isn't enough but dedicated is overkill. Performance and price compared",https://floatjet.com/tools/best-vps-hosting-remote-business,https://floatjet.com/images/pins/web-hosting/best-vps-hosting-remote-business-5.webp
12/25/2025 19:30,"Website speed optimization guide. Slow sites lose visitors and sales. These fixes take minutes but make a huge difference",https://floatjet.com/tools/website-speed-optimization-guide,https://floatjet.com/images/pins/web-hosting/website-speed-optimization-guide-6.webp
12/26/2025 19:30,"Cloud vs traditional hosting - what's the difference? When each makes sense and how to decide for your business",https://floatjet.com/blog/cloud-vs-traditional-hosting,https://floatjet.com/images/pins/web-hosting/cloud-vs-traditional-hosting-7.webp
12/27/2025 02:30,"Managed WordPress hosting compared. Premium hosts that handle updates, security, and speed. Worth the upgrade or overkill?",https://floatjet.com/blog/managed-wordpress-hosting-compared,https://floatjet.com/images/pins/web-hosting/managed-wordpress-hosting-compared-8.webp
12/28/2025 02:30,"Web hosting pricing explained. Stop overpaying for bandwidth you'll never use. Match your hosting to your actual traffic",https://floatjet.com/tools/shared-vs-vps-vs-dedicated-hosting,https://floatjet.com/images/pins/web-hosting/shared-vs-vps-vs-dedicated-hosting-9.webp
12/29/2025 19:00,"Web hosting uptime compared. Tested over 12 months. Some popular hosts have embarrassing downtime numbers",https://floatjet.com/tools/best-web-hosting-remote-business,https://floatjet.com/images/pins/web-hosting/best-web-hosting-remote-business-10.webp
12/30/2025 18:30,"Ecommerce hosting speed comparison. Your store is slower than you think. These hosts actually prioritize performance",https://floatjet.com/tools/best-ecommerce-hosting,https://floatjet.com/images/pins/web-hosting/best-ecommerce-hosting-11.webp
12/31/2025 01:30,"Zero-downtime website migration guide. Move hosts without your visitors noticing. DNS timing and verification steps",https://floatjet.com/tools/migrate-website-without-downtime,https://floatjet.com/images/pins/web-hosting/migrate-website-without-downtime-12.webp
12/31/2025 03:00,"VPS hosting performance tested. Real benchmarks, not marketing claims. Which hosts deliver actual value",https://floatjet.com/tools/best-vps-hosting-remote-business,https://floatjet.com/images/pins/web-hosting/best-vps-hosting-remote-business-13.webp
12/31/2025 18:30,"Website speed fixes you can do today. No coding required. These changes take minutes but improve load times significantly",https://floatjet.com/tools/website-speed-optimization-guide,https://floatjet.com/images/pins/web-hosting/website-speed-optimization-guide-14.webp
12/22/2025 13:30,"Wise vs PayPal vs Payoneer - which one saves you the most money on international payments? Real fee comparison with actual transactions",https://floatjet.com/tools/wise-vs-paypal-vs-payoneer,https://floatjet.com/images/pins/digital-nomad-finance/wise-vs-paypal-vs-payoneer-1.webp
12/23/2025 01:00,"Freelancer tax deductions you're probably missing. Home office, equipment, software subscriptions - what you can actually write off",https://floatjet.com/guides/freelancer-tax-deductions-guide,https://floatjet.com/images/pins/digital-nomad-finance/freelancer-tax-deductions-guide-2.webp
12/23/2025 13:30,"Best invoicing tools for freelancers. Get paid faster with professional invoices. These tools automate the boring parts",https://floatjet.com/tools/best-invoicing-tools,https://floatjet.com/images/pins/digital-nomad-finance/best-invoicing-tools-3.webp
12/23/2025 19:00,"Best expense tracking apps for freelancers. Stop losing receipts and scrambling at tax time. These apps make tracking automatic",https://floatjet.com/tools/best-expense-tracking-apps,https://floatjet.com/images/pins/digital-nomad-finance/best-expense-tracking-apps-4.webp
12/24/2025 03:00,"Best accounting software for freelancers. Because spreadsheets stop working when your business grows. These tools scale with you",https://floatjet.com/tools/best-accounting-software-freelancers,https://floatjet.com/images/pins/digital-nomad-finance/best-accounting-software-freelancers-5.webp
12/24/2025 14:00,"Invoice payment terms guide - get paid faster. Net 30 vs Net 15 vs due on receipt. What actually gets clients to pay on time",https://floatjet.com/guides/invoice-payment-terms-guide,https://floatjet.com/images/pins/digital-nomad-finance/invoice-payment-terms-guide-6.webp
12/25/2025 01:30,"Can you write off home office equipment on taxes? The IRS rules explained simply. What counts, what doesn't, and how to document it",https://floatjet.com/guides/can-you-write-off-home-office-equipment,https://floatjet.com/images/pins/digital-nomad-finance/can-you-write-off-home-office-equipment-7.webp
12/25/2025 03:00,"Retirement savings for freelancers. No employer 401k? Here are the best retirement accounts for self-employed remote workers",https://floatjet.com/guides/retirement-savings-freelancer,https://floatjet.com/images/pins/digital-nomad-finance/retirement-savings-freelancer-8.webp
12/25/2025 14:30,"Expense home office furniture - is it tax deductible? The rules for chairs, desks, and equipment. What the IRS actually allows",https://floatjet.com/guides/expense-home-office-furniture,https://floatjet.com/images/pins/digital-nomad-finance/expense-home-office-furniture-9.webp
12/25/2025 18:30,"Accept international payments as a freelancer. Stop losing money on fees. These methods save you thousands per year",https://floatjet.com/tools/accept-international-payments-freelancer,https://floatjet.com/images/pins/digital-nomad-finance/accept-international-payments-freelancer-10.webp
12/25/2025 20:00,"Multi-currency banking for digital nomads. Stop getting destroyed by exchange rates. These accounts are made for location-independent workers",https://floatjet.com/guides/multi-currency-banking-nomads,https://floatjet.com/images/pins/digital-nomad-finance/multi-currency-banking-nomads-11.webp
12/26/2025 02:00,"Best banking for digital nomads. Traditional banks hate nomads. These alternatives actually work when you don't have a fixed address",https://floatjet.com/blog/best-banking-digital-nomads,https://floatjet.com/images/pins/digital-nomad-finance/best-banking-digital-nomads-12.webp
12/27/2025 01:00,"Tax tips for remote workers. Location, deductions, and estimated payments - what your accountant wishes you knew",https://floatjet.com/blog/tax-tips-remote-workers,https://floatjet.com/images/pins/digital-nomad-finance/tax-tips-remote-workers-13.webp
12/27/2025 01:30,"Crypto-friendly banks for freelancers. Hold and convert crypto without your bank freezing your account. Tested options",https://floatjet.com/blog/crypto-friendly-banks,https://floatjet.com/images/pins/digital-nomad-finance/crypto-friendly-banks-14.webp
12/28/2025 13:00,"International payment fees compared. Stop losing 4-5% on every payment. These services charge a fraction of that",https://floatjet.com/tools/wise-vs-paypal-vs-payoneer,https://floatjet.com/images/pins/digital-nomad-finance/wise-vs-paypal-vs-payoneer-15.webp
12/28/2025 19:30,"Freelancer tax mistakes that trigger audits. Don't learn these the hard way. Common errors and how to avoid them",https://floatjet.com/guides/freelancer-tax-deductions-guide,https://floatjet.com/images/pins/digital-nomad-finance/freelancer-tax-deductions-guide-16.webp
12/29/2025 03:00,"Invoicing mistakes that delay payment. The subtle things that make clients pay slower. Fix these and get paid faster",https://floatjet.com/tools/best-invoicing-tools,https://floatjet.com/images/pins/digital-nomad-finance/best-invoicing-tools-17.webp
12/29/2025 18:00,"Expense tracking on autopilot. Connect your cards and forget about manually entering receipts. These apps sync everything",https://floatjet.com/tools/best-expense-tracking-apps,https://floatjet.com/images/pins/digital-nomad-finance/best-expense-tracking-apps-18.webp
12/30/2025 02:00,"Accounting software for non-accountants. Tools that handle the complexity so you can focus on work, not bookkeeping",https://floatjet.com/tools/best-accounting-software-freelancers,https://floatjet.com/images/pins/digital-nomad-finance/best-accounting-software-freelancers-19.webp
12/30/2025 13:00,"Payment terms that get you paid faster. The psychology behind invoice timing. Small changes, big impact on cash flow",https://floatjet.com/guides/invoice-payment-terms-guide,https://floatjet.com/images/pins/digital-nomad-finance/invoice-payment-terms-guide-20.webp
12/30/2025 20:00,"Home office tax deductions explained. The IRS rules in plain English. What qualifies, what doesn't, how to prove it",https://floatjet.com/guides/can-you-write-off-home-office-equipment,https://floatjet.com/images/pins/digital-nomad-finance/can-you-write-off-home-office-equipment-21.webp
12/31/2025 02:00,"Retirement planning for freelancers. No employer match doesn't mean no retirement. These accounts are built for self-employed",https://floatjet.com/guides/retirement-savings-freelancer,https://floatjet.com/images/pins/digital-nomad-finance/retirement-savings-freelancer-22.webp
12/31/2025 13:30,"Home office furniture tax rules 2025. What changed, what's deductible, and how to document properly",https://floatjet.com/guides/expense-home-office-furniture,https://floatjet.com/images/pins/digital-nomad-finance/expense-home-office-furniture-23.webp
12/31/2025 14:30,"International payments for freelancers. Stop losing money on every transaction. These methods have the lowest fees",https://floatjet.com/tools/accept-international-payments-freelancer,https://floatjet.com/images/pins/digital-nomad-finance/accept-international-payments-freelancer-24.webp
12/31/2025 19:00,"Multi-currency account comparison. Hold money in different currencies without getting destroyed by conversion fees",https://floatjet.com/guides/multi-currency-banking-nomads,https://floatjet.com/images/pins/digital-nomad-finance/multi-currency-banking-nomads-25.webp
12/23/2025 14:30,"Best travel adapters for digital nomads. One adapter for every country. Tested in 20+ countries, here's what actually works everywhere",https://floatjet.com/gear/best-travel-adapters,https://floatjet.com/images/pins/travel-remote-workers/best-travel-adapters-1.webp
12/25/2025 19:00,"Can you work remotely from another country? The visa, tax, and legal questions answered. What you need to know before packing",https://floatjet.com/guides/can-you-work-remotely-another-country,https://floatjet.com/images/pins/travel-remote-workers/can-you-work-remotely-another-country-2.webp
12/26/2025 01:30,"Digital nomad visa Portugal - complete 2025 guide. Requirements, costs, timeline, and insider tips for getting approved",https://floatjet.com/guides/digital-nomad-visa-portugal,https://floatjet.com/images/pins/travel-remote-workers/digital-nomad-visa-portugal-3.webp
12/26/2025 13:00,"Digital nomad visa Spain - complete 2025 guide. How to get it, what it costs, and the real timeline from application to approval",https://floatjet.com/guides/digital-nomad-visa-spain,https://floatjet.com/images/pins/travel-remote-workers/digital-nomad-visa-spain-4.webp
12/26/2025 14:00,"Best coworking spaces in Lisbon for remote workers. Tested WiFi, community, and workspace quality. Skip the tourist traps",https://floatjet.com/guides/best-coworking-spaces-lisbon,https://floatjet.com/images/pins/travel-remote-workers/best-coworking-spaces-lisbon-5.webp
12/26/2025 18:00,"Best travel insurance for remote workers. Most policies exclude working abroad. These ones actually cover digital nomads",https://floatjet.com/blog/best-travel-insurance-remote-workers,https://floatjet.com/images/pins/travel-remote-workers/best-travel-insurance-remote-workers-6.webp
12/26/2025 19:00,"Top destinations for digital nomads in 2025. Cost of living, WiFi quality, visa options, and community scene compared",https://floatjet.com/blog/top-destinations-digital-nomads,https://floatjet.com/images/pins/travel-remote-workers/top-destinations-digital-nomads-7.webp
12/27/2025 02:00,"Essential travel tech for digital nomads. The gear that fits in a backpack and keeps you productive anywhere",https://floatjet.com/blog/essential-travel-tech-nomads,https://floatjet.com/images/pins/travel-remote-workers/essential-travel-tech-nomads-8.webp
12/27/2025 03:00,"Find reliable WiFi anywhere - tested methods. Hotel WiFi is a gamble. Here's how to guarantee good internet as a nomad",https://floatjet.com/blog/find-reliable-wifi-anywhere,https://floatjet.com/images/pins/travel-remote-workers/find-reliable-wifi-anywhere-9.webp
12/29/2025 13:30,"One travel adapter for every country. Tested in 20+ countries over 2 years. The one that survived and the ones that didn't",https://floatjet.com/gear/best-travel-adapters,https://floatjet.com/images/pins/travel-remote-workers/best-travel-adapters-10.webp
12/31/2025 18:00,"Working abroad legally. Visa options, tax implications, and the gray areas. What you need to know before leaving",https://floatjet.com/guides/can-you-work-remotely-another-country,https://floatjet.com/images/pins/travel-remote-workers/can-you-work-remotely-another-country-11.webp
12/31/2025 20:00,"Portugal digital nomad visa timeline. Realistic expectations based on recent applications. What to prepare first",https://floatjet.com/guides/digital-nomad-visa-portugal,https://floatjet.com/images/pins/travel-remote-workers/digital-nomad-visa-portugal-12.webp
12/22/2025 18:30,"Best time tracking software for billing clients accurately. Stop guessing how long things took. These tools make invoicing honest and easy",https://floatjet.com/tools/best-time-tracking-software,https://floatjet.com/images/pins/freelance-business-tools/best-time-tracking-software-1.webp
12/23/2025 13:30,"Best invoicing tools for freelancers. Get paid faster with professional invoices. These tools automate the boring parts",https://floatjet.com/tools/best-invoicing-tools,https://floatjet.com/images/pins/freelance-business-tools/best-invoicing-tools-2.webp
12/23/2025 19:00,"Best expense tracking apps for freelancers. Stop losing receipts and scrambling at tax time. These apps make tracking automatic",https://floatjet.com/tools/best-expense-tracking-apps,https://floatjet.com/images/pins/freelance-business-tools/best-expense-tracking-apps-3.webp
12/24/2025 03:00,"Best accounting software for freelancers. Because spreadsheets stop working when your business grows. These tools scale with you",https://floatjet.com/tools/best-accounting-software-freelancers,https://floatjet.com/images/pins/freelance-business-tools/best-accounting-software-freelancers-4.webp
12/25/2025 18:30,"Accept international payments as a freelancer. Stop losing money on fees. These methods save you thousands per year",https://floatjet.com/tools/accept-international-payments-freelancer,https://floatjet.com/images/pins/freelance-business-tools/accept-international-payments-freelancer-5.webp
12/26/2025 20:00,"Best CRM software for small businesses. Stop losing track of leads. These tools make follow-up automatic and organized",https://floatjet.com/blog/best-crm-software-small-business,https://floatjet.com/images/pins/freelance-business-tools/best-crm-software-small-business-6.webp
12/28/2025 14:30,"Time tracking that doesn't feel like surveillance. Track your hours without the Big Brother feeling. Client-friendly options",https://floatjet.com/tools/best-time-tracking-software,https://floatjet.com/images/pins/freelance-business-tools/best-time-tracking-software-7.webp
12/29/2025 03:00,"Invoicing mistakes that delay payment. The subtle things that make clients pay slower. Fix these and get paid faster",https://floatjet.com/tools/best-invoicing-tools,https://floatjet.com/images/pins/freelance-business-tools/best-invoicing-tools-8.webp
12/29/2025 18:00,"Expense tracking on autopilot. Connect your cards and forget about manually entering receipts. These apps sync everything",https://floatjet.com/tools/best-expense-tracking-apps,https://floatjet.com/images/pins/freelance-business-tools/best-expense-tracking-apps-9.webp
12/30/2025 02:00,"Accounting software for non-accountants. Tools that handle the complexity so you can focus on work, not bookkeeping",https://floatjet.com/tools/best-accounting-software-freelancers,https://floatjet.com/images/pins/freelance-business-tools/best-accounting-software-freelancers-10.webp
12/31/2025 14:30,"International payments for freelancers. Stop losing money on every transaction. These methods have the lowest fees",https://floatjet.com/tools/accept-international-payments-freelancer,https://floatjet.com/images/pins/freelance-business-tools/accept-international-payments-freelancer-11.webp
