12/21/2025 19:30,"Best noise-canceling headphones for remote work. Not for music - for actual focus. Tested in coffee shops, coworking spaces, and home offices with kids",https://floatjet.com/gear/best-noise-canceling-headphones,https://floatjet.com/images/pins/laptops-tech-gear/dec/best-noise-canceling-headphones-1.jpg
12/22/2025 02:00,"Best laptops for remote work in 2025. Not the flashiest specs - the ones that actually matter when you're working from anywhere",https://floatjet.com/gear/best-laptops-remote-work,https://floatjet.com/images/pins/laptops-tech-gear/dec/best-laptops-remote-work-2.jpg
12/22/2025 13:00,"Best webcams for video calls that don't make you look like a potato. Tested lighting, autofocus, and microphone quality in real meetings",https://floatjet.com/gear/best-webcams-video-calls,https://floatjet.com/images/pins/laptops-tech-gear/dec/best-webcams-video-calls-3.jpg
12/22/2025 14:30,"Best microphones for remote meetings. Your laptop mic is making you sound unprofessional. These affordable upgrades fix that instantly",https://floatjet.com/gear/best-microphones-remote-meetings,https://floatjet.com/images/pins/laptops-tech-gear/dec/best-microphones-remote-meetings-4.jpg
12/22/2025 20:00,"Best portable chargers for remote workers. Because running out of battery in a cafe is not an option. Tested capacity claims vs reality",https://floatjet.com/gear/best-portable-chargers-power-banks,https://floatjet.com/images/pins/laptops-tech-gear/dec/best-portable-chargers-power-banks-5.jpg
12/23/2025 02:00,"How many monitors do you actually need? The honest answer based on what you do. For some people, one is enough. For others, three is barely cutting it",https://floatjet.com/guides/how-many-monitors-do-you-actually-need,https://floatjet.com/images/pins/laptops-tech-gear/dec/how-many-monitors-do-you-actually-need-6.jpg
12/23/2025 03:00,"Best mechanical keyboards for remote work. Not for gaming - for typing all day without wrist pain. Tested switches, noise levels, and ergonomics",https://floatjet.com/gear/best-mechanical-keyboards,https://floatjet.com/images/pins/laptops-tech-gear/dec/best-mechanical-keyboards-7.jpg
12/23/2025 14:30,"Best travel adapters for digital nomads. One adapter for every country. Tested in 20+ countries, here's what actually works everywhere",https://floatjet.com/gear/best-travel-adapters,https://floatjet.com/images/pins/laptops-tech-gear/dec/best-travel-adapters-8.jpg
12/24/2025 18:00,"Can you use a personal laptop for remote work? The security, legal, and practical considerations you need to think about",https://floatjet.com/guides/personal-laptop-remote-work,https://floatjet.com/images/pins/laptops-tech-gear/dec/personal-laptop-remote-work-9.jpg
12/25/2025 01:00,"What makes a laptop good for remote work? The specs that actually matter vs marketing fluff. Know what to look for before buying",https://floatjet.com/guides/what-makes-laptop-good-remote-work,https://floatjet.com/images/pins/laptops-tech-gear/dec/what-makes-laptop-good-remote-work-10.jpg
12/27/2025 02:00,"Essential travel tech for digital nomads. The gear that fits in a backpack and keeps you productive anywhere",https://floatjet.com/blog/essential-travel-tech-nomads,https://floatjet.com/images/pins/laptops-tech-gear/dec/essential-travel-tech-nomads-11.jpg
12/27/2025 18:30,"Noise-canceling headphones changed my remote work life. Here's the pair that handles everything from coffee shops to construction sites",https://floatjet.com/gear/best-noise-canceling-headphones,https://floatjet.com/images/pins/laptops-tech-gear/dec/best-noise-canceling-headphones-12.jpg
12/28/2025 01:30,"Laptop buying guide for remote workers. Ignore the gaming specs. Here's what actually matters for work productivity",https://floatjet.com/gear/best-laptops-remote-work,https://floatjet.com/images/pins/laptops-tech-gear/dec/best-laptops-remote-work-13.jpg
12/28/2025 03:00,"Webcam upgrade that makes you look professional. The one thing that improves video call presence more than lighting",https://floatjet.com/gear/best-webcams-video-calls,https://floatjet.com/images/pins/laptops-tech-gear/dec/best-webcams-video-calls-14.jpg
12/28/2025 14:00,"Microphone upgrade for remote meetings - worth every penny. Sound quality affects how seriously people take you",https://floatjet.com/gear/best-microphones-remote-meetings,https://floatjet.com/images/pins/laptops-tech-gear/dec/best-microphones-remote-meetings-15.jpg
12/28/2025 19:00,"Power bank for laptop charging - do they actually work? Tested capacity, charging speed, and airplane compliance",https://floatjet.com/gear/best-portable-chargers-power-banks,https://floatjet.com/images/pins/laptops-tech-gear/dec/best-portable-chargers-power-banks-16.jpg
12/29/2025 01:00,"Single vs dual monitor productivity myth. The research vs the reality. Some people genuinely work better with one screen",https://floatjet.com/guides/how-many-monitors-do-you-actually-need,https://floatjet.com/images/pins/laptops-tech-gear/dec/how-many-monitors-do-you-actually-need-17.jpg
12/29/2025 02:00,"Mechanical keyboard for all-day typing. Switch types explained in plain English. Find the feel that doesn't hurt your wrists",https://floatjet.com/gear/best-mechanical-keyboards,https://floatjet.com/images/pins/laptops-tech-gear/dec/best-mechanical-keyboards-18.jpg
12/29/2025 13:30,"One travel adapter for every country. Tested in 20+ countries over 2 years. The one that survived and the ones that didn't",https://floatjet.com/gear/best-travel-adapters,https://floatjet.com/images/pins/laptops-tech-gear/dec/best-travel-adapters-19.jpg
12/30/2025 14:00,"Personal laptop for work - the security risks. What IT departments worry about and how to protect yourself",https://floatjet.com/guides/personal-laptop-remote-work,https://floatjet.com/images/pins/laptops-tech-gear/dec/personal-laptop-remote-work-20.jpg
12/30/2025 19:30,"Laptop specs that matter for remote work. CPU benchmarks mean nothing. Focus on these specs instead",https://floatjet.com/guides/what-makes-laptop-good-remote-work,https://floatjet.com/images/pins/laptops-tech-gear/dec/what-makes-laptop-good-remote-work-21.jpg
