12/21/2025 15:00,"Switched password managers last month. Migration was annoying but worth it. The old one kept logging me out randomly and I almost threw my laptop. #Cybersecurity",https://floatjet.com/tools/best-password-manager-remote-work/,,,
12/21/2025 19:00,"Broke my monitor last week. Worked off laptop screen for 3 days. Actually got more done? Less tabs, less distractions. Made me rethink my whole setup. #HomeOffice",https://floatjet.com/guides/how-many-monitors-do-you-actually-need/,,,
12/22/2025 15:00,"Two-factor authentication is annoying until you get hacked. Friend lost access to everything last month. One phishing email. Now he's a 2FA believer. #Cybersecurity",https://floatjet.com/guides/two-factor-authentication-guide/,,,
12/22/2025 19:00,"Remote work confession: Sometimes I answer Slack from bed before getting up. It's either efficient or problematic. Haven't decided which. #WorkFromHome",,,,
12/23/2025 15:00,"Freelancer reality check: Got paid today for work I did 60 days ago. Net-60 terms are brutal. Started being pickier about payment terms in contracts. #FreelanceLife",https://floatjet.com/guides/invoice-payment-terms-guide/,,,
12/23/2025 19:00,"Bought a forty dollar webcam last week. Laptop camera was making me look like a ghost in meetings. Should've upgraded years ago. Clients can actually see my face now. #RemoteWork",https://floatjet.com/gear/best-webcams-video-calls/,,,
12/24/2025 15:00,"Keyboard died mid-deadline. Scrambled to find my backup. Didn't have one. Borrowed from a neighbor. Now I keep a spare. Learn from my panic. #RemoteWork",,,,
12/24/2025 19:00,"Time zone math is the worst part of remote work. Had a call scheduled for 3pm. Their 3pm. My 10pm. Showed up at my 3pm like an idiot. #RemoteWork",https://floatjet.com/guides/work-remotely-different-time-zones/,,,
12/25/2025 15:00,"Paying two hundred bucks a month for coworking. Went twice in November. My apartment with noise-canceling headphones costs nothing. Might be time to cancel. #DigitalNomad",,,,
12/25/2025 19:00,"Tried using my phone as a second monitor today. Works technically. Very small. Kept squinting. Back to my laptop screen like a normal person. #RemoteWork",,,,
12/26/2025 15:00,"Invoice software saved my sanity. Used to track everything in spreadsheets. Missed payments constantly. Automated reminders changed everything. Clients actually pay on time now. #FreelanceLife",https://floatjet.com/tools/best-invoicing-tools/,,,
12/26/2025 19:00,"Holiday reminder: backup your files before traveling. Left my laptop on a train once. Had everything backed up. Still lost the laptop but at least my work was safe. #DigitalNomad",https://floatjet.com/tools/best-cloud-storage-remote-work/,,,
12/27/2025 15:00,"Year end is coming. Did you track your expenses? I definitely did not for the first half of the year. Spent yesterday going through bank statements. Don't be me. #FreelanceLife",https://floatjet.com/guides/freelancer-tax-deductions-guide/,,,
12/27/2025 19:00,"Noise canceling headphones ranking after testing several: Sony first, Bose close second, AirPods Max third but overpriced. All three work well though. Depends on your budget. #RemoteWork",https://floatjet.com/gear/best-noise-canceling-headphones/,,,
12/28/2025 15:00,"The best email marketing tool is whichever one you actually use. Tried three this year. All do roughly the same thing. Pick one and start building your list. #FreelanceLife",https://floatjet.com/tools/best-email-marketing-tools/,,,
12/28/2025 19:00,"New Year resolution for remote workers: set actual working hours. I used to work until midnight randomly. Now I stop at 6pm. Weekends exist again. Revolutionary concept. #WorkLifeBalance",,,,
12/29/2025 15:00,"Wrapped up 2024 tool testing. VPNs: clear winner. Password managers: two solid options. Project management: depends on your team size. Full reviews dropping January. #Productivity",,,,
12/29/2025 19:00,"What kills your remote work productivity the most? Genuinely curious - testing tools in all these categories right now. Drop your answer or vote below. #WorkFromHome",,,,
