01/01/2026 15:00,"New year, same laptop. Didn't upgrade because honestly it still works fine. The urge to buy new gear in January is real though. Resisting. #RemoteWork",,,,
01/01/2026 19:00,"2026 goal: actually use the tools I'm paying for. Did an audit - paying for 12 subscriptions, actively using 5. Classic. #Productivity",https://floatjet.com/tools/best-productivity-apps/,,,
01/02/2026 15:00,"First work day of the year. Inbox has 847 emails. Most are newsletters I forgot I subscribed to. Today's task: unsubscribe from everything. #WorkFromHome",,,,
01/02/2026 19:00,"Hot take: New Year productivity content is mostly recycled. Same advice, new date. The basics haven't changed - focus, rest, repeat. #Productivity",,,,
01/03/2026 15:00,"Tested five VPNs over the holidays. Three dropped connections constantly. One was painfully slow. One actually worked. Writing up the comparison now. #Cybersecurity",https://floatjet.com/tools/best-vpn-digital-nomads/,,,
01/03/2026 19:00,"January resolution: no more working from bed. Lasted three days last year. Setting the bar low this time - maybe a full week. #RemoteWork",,,,
01/04/2026 15:00,"Coworking space raised prices again. Now paying more than my home internet for worse coffee and ambient typing sounds. Math isn't mathing. #DigitalNomad",,,,
01/04/2026 19:00,"Friend asked for laptop recommendations. Told him anything with 16GB RAM and decent battery. He bought the cheapest one anyway. Some things never change. #RemoteWork",https://floatjet.com/gear/best-laptops-remote-work/,,,
01/05/2026 15:00,"Sunday work session. Just me, coffee, and zero Slack notifications. This is when the actual thinking happens. #Productivity",,,,
01/05/2026 19:00,"Cleaned my keyboard for the first time in months. Found a small ecosystem developing under the keycaps. Highly recommend not waiting this long. #HomeOffice",,,,
01/06/2026 15:00,"Client wants a call at 6am my time. Their 3pm. Time zones are just a constant source of mild suffering in remote work. #RemoteWork",https://floatjet.com/guides/work-remotely-different-time-zones/,,,
01/06/2026 19:00,"Password manager saved me again today. Site I forgot existed got breached. Had a unique password there. Changed it in 10 seconds. Worth every penny. #Cybersecurity",https://floatjet.com/tools/best-password-manager-remote-work/,,,
01/07/2026 15:00,"The most productive thing I did today was saying no to three meetings. Protect your calendar like it's your job. Because it kind of is. #Productivity",,,,
01/07/2026 19:00,"Webcam quality tip: it's almost never the camera. It's the lighting. Face a window. Boom. Better than any $200 webcam. #RemoteWork",https://floatjet.com/gear/best-webcams-video-calls/,,,
01/08/2026 15:00,"Invoice sent: $2,400. Invoice paid: 47 days later. Freelance life is just advanced patience training. #FreelanceLife",https://floatjet.com/guides/invoice-payment-terms-guide/,,,
01/08/2026 19:00,"Tried the Pomodoro technique again. Worked for exactly two days before I forgot about the timer completely. Some methods just don't stick. #Productivity",https://floatjet.com/guides/pomodoro-technique-remote-workers/,,,
01/09/2026 15:00,"Home office upgrade that actually mattered: a plant. Not for oxygen or whatever. Just nice to look at something alive during calls. #HomeOffice",,,,
01/09/2026 19:00,"VPN tip: the kill switch matters more than speed. Rather have slow internet than accidentally exposed traffic. #Cybersecurity",https://floatjet.com/tools/vpn-kill-switch-explained/,,,
01/10/2026 15:00,"Friday afternoon and I'm done for the week. Remote work perk: nobody sees you close the laptop at 3pm. Weekend starts now. #WorkLifeBalance",,,,
01/10/2026 19:00,"Backed up my files today. Took 20 minutes. The peace of mind lasts all year. Do it. #Productivity",https://floatjet.com/tools/best-cloud-storage-remote-work/,,,
01/11/2026 15:00,"Weekend project: organizing my digital files. Three hours in and I'm just looking at old photos. Productivity is a myth. #RemoteWork",,,,
01/11/2026 19:00,"Best purchase of 2025 was noise canceling headphones. Not close. Changed everything about working from cafes. #DigitalNomad",https://floatjet.com/gear/best-noise-canceling-headphones/,,,
01/12/2026 15:00,"Sunday planning session. Wrote down three things to accomplish this week. That's it. Three. More than that and nothing gets done. #Productivity",,,,
01/12/2026 19:00,"Remote work confession: sometimes I take meetings while walking outside. Nobody can tell. Fresh air helps me think. #RemoteWork",,,,
01/13/2026 15:00,"Monday morning and my internet is down. Working from phone hotspot like it's 2015. Always have a backup connection plan. #RemoteWork",https://floatjet.com/guides/internet-speed-remote-work/,,,
01/13/2026 19:00,"Project management tools ranked by how often I actually open them: Apple Notes, then nothing else. The simple tools win. #Productivity",https://floatjet.com/tools/best-note-taking-apps/,,,
01/14/2026 15:00,"Got a phishing email that almost fooled me. Looked exactly like a real invoice. Always check the sender domain. Always. #Cybersecurity",https://floatjet.com/guides/phishing-scams-remote-workers/,,,
01/14/2026 19:00,"Standing desk update: been sitting more lately. Winter makes standing feel worse somehow. The $400 desk is currently a regular desk. #HomeOffice",https://floatjet.com/guides/are-standing-desks-actually-worth-it/,,,
01/15/2026 15:00,"Halfway through January. Checked on my resolutions. They're doing fine without me apparently. #Productivity",,,,
01/15/2026 19:00,"Time tracking revelation: I spend 4 hours a day on actual work. The rest is meetings, admin, and staring at walls. Eye-opening. #Productivity",https://floatjet.com/tools/best-time-tracking-software/,,,
01/16/2026 15:00,"Client asked why I charge what I charge. Sent them my expense list. Suddenly the rate made sense. Know your numbers. #FreelanceLife",,,,
01/16/2026 19:00,"Two monitors vs one ultrawide. Tried both. Ultrawide wins for focus. Two monitors wins for multitasking. Pick based on how you work. #HomeOffice",https://floatjet.com/guides/how-many-monitors-do-you-actually-need/,,,
01/17/2026 15:00,"Friday flex: finished all my work by noon. Spent the afternoon reading. This is why I went remote in the first place. #WorkLifeBalance",,,,
01/17/2026 19:00,"Email marketing tool comparison coming soon. Tested four of them. They all do the same thing with different UI. The price differences are wild though. #FreelanceLife",https://floatjet.com/tools/best-email-marketing-tools/,,,
01/18/2026 15:00,"Saturday morning and I'm not working. Progress. The old me would have opened the laptop by now. Growth is boring but real. #WorkLifeBalance",,,,
01/18/2026 19:00,"Travel adapter tip: get the universal one. Carrying three different adapters is annoying. One good one covers everywhere. #DigitalNomad",https://floatjet.com/gear/best-travel-adapters/,,,
01/19/2026 15:00,"Planning my first trip of 2026. Already anxious about working from airports. Portable charger is non-negotiable. #DigitalNomad",https://floatjet.com/gear/best-portable-chargers-power-banks/,,,
01/19/2026 19:00,"The best video call setup is the one where you can forget about the tech. Camera works, mic works, done. Simplicity wins. #RemoteWork",https://floatjet.com/tools/best-video-conferencing-tools/,,,
01/20/2026 15:00,"Monday motivation: there is none. Just start working anyway. Motivation follows action, not the other way around. #Productivity",,,,
01/20/2026 19:00,"VPN question I get asked most: do you really need one? Short answer: yes if you use public WiFi. Otherwise, still probably yes. #Cybersecurity",https://floatjet.com/guides/do-i-need-vpn-cafes/,,,
01/21/2026 15:00,"Expense tracking saved me $200 on taxes last year. Just from stuff I almost forgot to deduct. Worth the 10 minutes a month. #FreelanceLife",https://floatjet.com/tools/best-expense-tracking-apps/,,,
01/21/2026 19:00,"Home office confession: my cable management is a disaster. Works though. Nobody sees under my desk on video calls. #HomeOffice",https://floatjet.com/guides/cable-management-guide/,,,
01/22/2026 15:00,"Mechanical keyboard update: it's loud. My partner hates it. I love it. This is a relationship test disguised as a purchase. #HomeOffice",https://floatjet.com/gear/best-mechanical-keyboards/,,,
01/22/2026 19:00,"Two-factor authentication reminder: set it up on everything. Yes, it's annoying. Yes, it's worth it. Do it today. #Cybersecurity",https://floatjet.com/guides/two-factor-authentication-guide/,,,
01/23/2026 15:00,"Client communication tip: overcommunicate. Then communicate some more. Remote work means no hallway conversations. Fill the gap. #RemoteWork",https://floatjet.com/guides/avoid-miscommunication-remote-teams/,,,
01/23/2026 19:00,"Invoicing software changed my life. Used to send Word docs like an amateur. Now it's automated reminders and actual payments. #FreelanceLife",https://floatjet.com/tools/best-invoicing-tools/,,,
01/24/2026 15:00,"Friday and I closed three tabs. That's the whole productivity tip. Close the tabs. Focus on one thing. Revolutionary. #Productivity",,,,
01/24/2026 19:00,"Microphone upgrade was worth it. Went from laptop mic to dedicated USB mic. Clients actually comment on the audio quality now. #RemoteWork",https://floatjet.com/gear/best-microphones-remote-meetings/,,,
01/25/2026 15:00,"Weekend plans: absolutely nothing work related. The laptop stays closed. This is a promise I'm making publicly for accountability. #WorkLifeBalance",,,,
01/25/2026 19:00,"Digital nomad visa research continues. Portugal and Spain both look good. Leaning toward Portugal for the cost of living. #DigitalNomad",https://floatjet.com/guides/digital-nomad-visa-portugal/,,,
01/26/2026 15:00,"Sunday evening planning. Looked at the week ahead. Four meetings. That's 3.5 too many. Going to decline some tomorrow. #Productivity",,,,
01/26/2026 19:00,"International payment tip: Wise beats PayPal on fees almost every time. Just saying. Do the math on your next transfer. #FreelanceLife",https://floatjet.com/tools/wise-vs-paypal-vs-payoneer/,,,
01/27/2026 15:00,"Started the week by turning off email notifications. Will check twice a day. The anxiety might kill me but the productivity won't. #Productivity",,,,
01/27/2026 19:00,"Web hosting comparison dropping soon. Tested for uptime, speed, and support. Spoiler: support is where most fail. #RemoteWork",https://floatjet.com/tools/best-web-hosting-remote-business/,,,
01/28/2026 15:00,"Freelancer tax season approaching. Already dreading it. At least I tracked expenses better this year. Small wins. #FreelanceLife",https://floatjet.com/guides/freelancer-tax-deductions-guide/,,,
01/28/2026 19:00,"WiFi at this cafe is 3 Mbps. That's technically internet. Barely. Hotspot it is. Always have backup internet. Always. #DigitalNomad",https://floatjet.com/blog/find-reliable-wifi-anywhere/,,,
01/29/2026 15:00,"Notion vs alternatives debate continues. Tried switching. Came back. Some tools just work for your brain. Stop fighting it. #Productivity",https://floatjet.com/tools/is-notion-worth-it/,,,
01/29/2026 19:00,"Retirement planning as a freelancer is terrifying. No 401k match. No pension. Just you and compound interest. Start early. #FreelanceLife",https://floatjet.com/guides/retirement-savings-freelancer/,,,
01/30/2026 15:00,"Almost end of January. Time moves faster when you work from home. The days blur together. Calendar blocking helps. #RemoteWork",,,,
01/30/2026 19:00,"Slack vs Teams vs Discord debate: they all work. Pick the one your team already uses. Tool wars are a waste of time. #RemoteWork",https://floatjet.com/guides/slack-vs-teams-vs-discord/,,,
01/31/2026 15:00,"Last day of January. Made it through the first month of 2026. Still working remote. Still happy about it. Onward to February. #RemoteWork",,,,
01/31/2026 19:00,"Monthly review: shipped three articles, landed two clients, took weekends off. Good month. Simple metrics, clear progress. #Productivity",,,,
