12/21/2025 15:00,"Tested 7 VPNs from airports and cafes across 12 countries. Here's which ones actually work for remote workers - speed tests, security breakdown, and honest pricing comparison included. Read the full review",https://floatjet.com/tools/best-vpn-digital-nomads,https://floatjet.com/images/pins/vpns-digital-nomads/dec/best-vpn-digital-nomads-1.jpg
12/21/2025 15:45,"Free VPN vs Paid VPN - what's the real difference? After testing both for 6 months, here's the honest truth about what you're actually getting (and what you're risking)",https://floatjet.com/tools/free-vpn-vs-paid-vpn,https://floatjet.com/images/pins/vpns-digital-nomads/dec/free-vpn-vs-paid-vpn-2.jpg
12/21/2025 20:00,Do you actually need a VPN at cafes? The honest answer after 3 years of working from public WiFi worldwide. Spoiler: it depends on what you're doing,https://floatjet.com/guides/do-i-need-vpn-cafes,https://floatjet.com/images/pins/vpns-digital-nomads/dec/do-i-need-vpn-cafes-3.jpg
12/22/2025 01:00,Password manager skeptic? I was too. Then I got hacked. Here's why every remote worker needs one and which ones are actually worth using,https://floatjet.com/tools/best-password-manager-remote-work,https://floatjet.com/images/pins/vpns-digital-nomads/dec/best-password-manager-remote-work-4.jpg
12/22/2025 18:00,"VPN kill switch explained in plain English. What it does, why you need it, and how to make sure yours is actually working",https://floatjet.com/tools/vpn-kill-switch-explained,https://floatjet.com/images/pins/vpns-digital-nomads/dec/vpn-kill-switch-explained-5.jpg
12/22/2025 19:30,"Two-factor authentication guide for remote workers. Which method is actually secure? SMS, authenticator apps, or hardware keys - here's the truth",https://floatjet.com/guides/two-factor-authentication-guide,https://floatjet.com/images/pins/vpns-digital-nomads/dec/two-factor-authentication-guide-6.jpg
12/23/2025 18:00,"How to set up a VPN on all your devices. Step-by-step guide for Windows, Mac, iPhone, Android, and even your router",https://floatjet.com/tools/how-to-setup-vpn-all-devices,https://floatjet.com/images/pins/vpns-digital-nomads/dec/how-to-setup-vpn-all-devices-7.jpg
12/23/2025 19:30,Secure your home WiFi network in 15 minutes. Most people's networks are wide open. Here's how to actually protect yours,https://floatjet.com/guides/secure-home-wifi-network,https://floatjet.com/images/pins/vpns-digital-nomads/dec/secure-home-wifi-network-8.jpg
12/24/2025 01:00,Phishing scams targeting remote workers - how to spot them. The attacks are getting sophisticated. Here's what to look for,https://floatjet.com/guides/phishing-scams-remote-workers,https://floatjet.com/images/pins/vpns-digital-nomads/dec/phishing-scams-remote-workers-9.jpg
12/24/2025 13:30,"Best VPN for streaming while traveling. Watch your home content from anywhere. Tested which VPNs actually work with Netflix, Hulu, and more",https://floatjet.com/tools/best-vpn-streaming-travel,https://floatjet.com/images/pins/vpns-digital-nomads/dec/best-vpn-streaming-travel-10.jpg
12/25/2025 02:00,"VPN vs Proxy for remote work - what's the difference? When to use each one, and why using both might be the answer",https://floatjet.com/guides/vpn-vs-proxy-remote-work,https://floatjet.com/images/pins/vpns-digital-nomads/dec/vpn-vs-proxy-remote-work-11.jpg
12/25/2025 14:00,Do I really need a password manager? Short answer: yes. Long answer: here's exactly why and which one to get,https://floatjet.com/guides/do-i-really-need-password-manager,https://floatjet.com/images/pins/vpns-digital-nomads/dec/do-i-really-need-password-manager-12.jpg
12/26/2025 01:00,"Best business VPN for remote teams. Secure your entire company, not just one person. Features, pricing, and admin controls compared",https://floatjet.com/tools/best-business-vpn-remote-teams,https://floatjet.com/images/pins/vpns-digital-nomads/dec/best-business-vpn-remote-teams-13.jpg
12/26/2025 13:30,"VPN on public WiFi - is it really necessary? What hackers can actually see on open networks, and when you're overthinking it",https://floatjet.com/blog/vpn-public-wifi-guide,https://floatjet.com/images/pins/vpns-digital-nomads/dec/vpn-public-wifi-guide-14.jpg
12/27/2025 13:00,Stop overpaying for VPNs. The features you actually need vs marketing hype. Most people can use a cheaper option,https://floatjet.com/tools/best-vpn-digital-nomads,https://floatjet.com/images/pins/vpns-digital-nomads/dec/best-vpn-digital-nomads-15.jpg
12/27/2025 18:00,The VPN kill switch that saved my data. What happens when your VPN drops without one - a real story from public WiFi,https://floatjet.com/tools/vpn-kill-switch-explained,https://floatjet.com/images/pins/vpns-digital-nomads/dec/vpn-kill-switch-explained-16.jpg
12/27/2025 19:30,"Password manager comparison after 3 years of use. Switched twice, settled on one. Here's what makes the difference",https://floatjet.com/tools/best-password-manager-remote-work,https://floatjet.com/images/pins/vpns-digital-nomads/dec/best-password-manager-remote-work-17.jpg
12/27/2025 20:00,VPN speed myths debunked. Your VPN isn't as slow as you think - these settings fix 90% of speed problems,https://floatjet.com/tools/best-vpn-digital-nomads,https://floatjet.com/images/pins/vpns-digital-nomads/dec/best-vpn-digital-nomads-18.jpg
12/28/2025 18:30,2FA setup guide - which method is most secure? Hardware keys vs authenticator apps - the security tradeoffs explained,https://floatjet.com/guides/two-factor-authentication-guide,https://floatjet.com/images/pins/vpns-digital-nomads/dec/two-factor-authentication-guide-19.jpg
12/29/2025 14:00,VPN router setup guide. Protect every device on your network with one configuration. Easier than you think,https://floatjet.com/tools/how-to-setup-vpn-all-devices,https://floatjet.com/images/pins/vpns-digital-nomads/dec/how-to-setup-vpn-all-devices-20.jpg
12/29/2025 18:30,Home WiFi security in 15 minutes. Your network is probably exposed. These quick fixes protect your home office,https://floatjet.com/guides/secure-home-wifi-network,https://floatjet.com/images/pins/vpns-digital-nomads/dec/secure-home-wifi-network-21.jpg
12/29/2025 19:30,Spot phishing emails instantly. The red flags that scammers hope you miss. Train your eye with these examples,https://floatjet.com/guides/phishing-scams-remote-workers,https://floatjet.com/images/pins/vpns-digital-nomads/dec/phishing-scams-remote-workers-22.jpg
12/30/2025 03:00,Streaming VPN that works in 2025. Many VPNs claim Netflix access but fail. These actually unblock content reliably,https://floatjet.com/tools/best-vpn-streaming-travel,https://floatjet.com/images/pins/vpns-digital-nomads/dec/best-vpn-streaming-travel-23.jpg
12/31/2025 01:00,VPN vs Proxy - when to use which. Different tools for different problems. Match the solution to your actual need,https://floatjet.com/guides/vpn-vs-proxy-remote-work,https://floatjet.com/images/pins/vpns-digital-nomads/dec/vpn-vs-proxy-remote-work-24.jpg
12/31/2025 13:00,Password manager myths debunked. The security concerns that stop people and why they're mostly wrong,https://floatjet.com/guides/do-i-really-need-password-manager,https://floatjet.com/images/pins/vpns-digital-nomads/dec/do-i-really-need-password-manager-25.jpg
12/31/2025 19:30,Business VPN for teams. Secure your entire company's remote connections. Admin features and pricing compared,https://floatjet.com/tools/best-business-vpn-remote-teams,https://floatjet.com/images/pins/vpns-digital-nomads/dec/best-business-vpn-remote-teams-26.jpg
