12/21/2025 14:00,"Built my home office for under $500. Standing desk, monitor, chair, lighting - everything you need. No aesthetic Instagram setup, just what actually makes working from home comfortable",https://floatjet.com/guides/budget-home-office-setup-500,https://floatjet.com/images/pins/home-office-setup/dec/budget-home-office-setup-500-1.webp
12/21/2025 18:00,"7 best standing desks under $500. Tested for stability, motor quality, and real-world use. Some Amazon favorites failed hard. Here's what actually holds up",https://floatjet.com/gear/best-standing-desks,https://floatjet.com/images/pins/home-office-setup/dec/best-standing-desks-2.webp
12/21/2025 19:00,"The complete home office checklist nobody tells you about. 47 items organized by priority. Print this before you spend money on the wrong things",https://floatjet.com/guides/complete-home-office-checklist,https://floatjet.com/images/pins/home-office-setup/dec/complete-home-office-checklist-3.webp
12/22/2025 19:00,"Minimalist home office setup that actually works. No Pinterest perfectionism - just the essentials that boost productivity without the clutter",https://floatjet.com/guides/minimalist-home-office-setup,https://floatjet.com/images/pins/home-office-setup/dec/minimalist-home-office-setup-4.webp
12/23/2025 14:00,"Cable management guide for home offices. Because a mess of cables is distracting, unprofessional, and actually a fire hazard",https://floatjet.com/guides/cable-management-guide,https://floatjet.com/images/pins/home-office-setup/dec/cable-management-guide-5.webp
12/24/2025 02:30,"Are standing desks actually worth the money? The research, my experience after 1 year, and who should skip them entirely",https://floatjet.com/guides/are-standing-desks-actually-worth-it,https://floatjet.com/images/pins/home-office-setup/dec/are-standing-desks-actually-worth-it-6.webp
12/26/2025 18:30,"Ultimate home office setup guide. Everything you need for a productive workspace - organized by budget and priority",https://floatjet.com/blog/ultimate-home-office-setup,https://floatjet.com/images/pins/home-office-setup/dec/ultimate-home-office-setup-7.webp
12/27/2025 13:30,"The standing desk I use every day after testing 12 models. Stability, height range, and what breaks after a year",https://floatjet.com/gear/best-standing-desks,https://floatjet.com/images/pins/home-office-setup/dec/best-standing-desks-8.webp
12/27/2025 14:30,"Home office setup mistakes that cost me thousands. Learn from my expensive errors before making your own",https://floatjet.com/guides/budget-home-office-setup-500,https://floatjet.com/images/pins/home-office-setup/dec/budget-home-office-setup-500-9.webp
12/27/2025 19:00,"The real cost of a home office setup. Hidden expenses nobody mentions. Budget this amount before you start buying",https://floatjet.com/guides/complete-home-office-checklist,https://floatjet.com/images/pins/home-office-setup/dec/complete-home-office-checklist-10.webp
12/28/2025 18:00,"Minimalist desk setup that boosts productivity. Remove the clutter, remove the distraction. Here's what to keep",https://floatjet.com/guides/minimalist-home-office-setup,https://floatjet.com/images/pins/home-office-setup/dec/minimalist-home-office-setup-11.webp
12/29/2025 13:00,"Cable management in 30 minutes. Transform a cable nightmare into clean workspace. Materials list and step-by-step process",https://floatjet.com/guides/cable-management-guide,https://floatjet.com/images/pins/home-office-setup/dec/cable-management-guide-12.webp
12/30/2025 01:30,"Standing desk 1-year review. What breaks, what lasts, and whether the health benefits are real or placebo",https://floatjet.com/guides/are-standing-desks-actually-worth-it,https://floatjet.com/images/pins/home-office-setup/dec/are-standing-desks-actually-worth-it-13.webp
