12/22/2025 13:30,"Wise vs PayPal vs Payoneer - which one saves you the most money on international payments? Real fee comparison with actual transactions",https://floatjet.com/tools/wise-vs-paypal-vs-payoneer,https://floatjet.com/images/pins/digital-nomad-finance/wise-vs-paypal-vs-payoneer-1.webp
12/23/2025 01:00,"Freelancer tax deductions you're probably missing. Home office, equipment, software subscriptions - what you can actually write off",https://floatjet.com/guides/freelancer-tax-deductions-guide,https://floatjet.com/images/pins/digital-nomad-finance/freelancer-tax-deductions-guide-2.webp
12/23/2025 13:30,"Best invoicing tools for freelancers. Get paid faster with professional invoices. These tools automate the boring parts",https://floatjet.com/tools/best-invoicing-tools,https://floatjet.com/images/pins/digital-nomad-finance/best-invoicing-tools-3.webp
12/23/2025 19:00,"Best expense tracking apps for freelancers. Stop losing receipts and scrambling at tax time. These apps make tracking automatic",https://floatjet.com/tools/best-expense-tracking-apps,https://floatjet.com/images/pins/digital-nomad-finance/best-expense-tracking-apps-4.webp
12/24/2025 03:00,"Best accounting software for freelancers. Because spreadsheets stop working when your business grows. These tools scale with you",https://floatjet.com/tools/best-accounting-software-freelancers,https://floatjet.com/images/pins/digital-nomad-finance/best-accounting-software-freelancers-5.webp
12/24/2025 14:00,"Invoice payment terms guide - get paid faster. Net 30 vs Net 15 vs due on receipt. What actually gets clients to pay on time",https://floatjet.com/guides/invoice-payment-terms-guide,https://floatjet.com/images/pins/digital-nomad-finance/invoice-payment-terms-guide-6.webp
12/25/2025 01:30,"Can you write off home office equipment on taxes? The IRS rules explained simply. What counts, what doesn't, and how to document it",https://floatjet.com/guides/can-you-write-off-home-office-equipment,https://floatjet.com/images/pins/digital-nomad-finance/can-you-write-off-home-office-equipment-7.webp
12/25/2025 03:00,"Retirement savings for freelancers. No employer 401k? Here are the best retirement accounts for self-employed remote workers",https://floatjet.com/guides/retirement-savings-freelancer,https://floatjet.com/images/pins/digital-nomad-finance/retirement-savings-freelancer-8.webp
12/25/2025 14:30,"Expense home office furniture - is it tax deductible? The rules for chairs, desks, and equipment. What the IRS actually allows",https://floatjet.com/guides/expense-home-office-furniture,https://floatjet.com/images/pins/digital-nomad-finance/expense-home-office-furniture-9.webp
12/25/2025 18:30,"Accept international payments as a freelancer. Stop losing money on fees. These methods save you thousands per year",https://floatjet.com/tools/accept-international-payments-freelancer,https://floatjet.com/images/pins/digital-nomad-finance/accept-international-payments-freelancer-10.webp
12/25/2025 20:00,"Multi-currency banking for digital nomads. Stop getting destroyed by exchange rates. These accounts are made for location-independent workers",https://floatjet.com/guides/multi-currency-banking-nomads,https://floatjet.com/images/pins/digital-nomad-finance/multi-currency-banking-nomads-11.webp
12/26/2025 02:00,"Best banking for digital nomads. Traditional banks hate nomads. These alternatives actually work when you don't have a fixed address",https://floatjet.com/blog/best-banking-digital-nomads,https://floatjet.com/images/pins/digital-nomad-finance/best-banking-digital-nomads-12.webp
12/27/2025 01:00,"Tax tips for remote workers. Location, deductions, and estimated payments - what your accountant wishes you knew",https://floatjet.com/blog/tax-tips-remote-workers,https://floatjet.com/images/pins/digital-nomad-finance/tax-tips-remote-workers-13.webp
12/27/2025 01:30,"Crypto-friendly banks for freelancers. Hold and convert crypto without your bank freezing your account. Tested options",https://floatjet.com/blog/crypto-friendly-banks,https://floatjet.com/images/pins/digital-nomad-finance/crypto-friendly-banks-14.webp
12/28/2025 13:00,"International payment fees compared. Stop losing 4-5% on every payment. These services charge a fraction of that",https://floatjet.com/tools/wise-vs-paypal-vs-payoneer,https://floatjet.com/images/pins/digital-nomad-finance/wise-vs-paypal-vs-payoneer-15.webp
12/28/2025 19:30,"Freelancer tax mistakes that trigger audits. Don't learn these the hard way. Common errors and how to avoid them",https://floatjet.com/guides/freelancer-tax-deductions-guide,https://floatjet.com/images/pins/digital-nomad-finance/freelancer-tax-deductions-guide-16.webp
12/29/2025 03:00,"Invoicing mistakes that delay payment. The subtle things that make clients pay slower. Fix these and get paid faster",https://floatjet.com/tools/best-invoicing-tools,https://floatjet.com/images/pins/digital-nomad-finance/best-invoicing-tools-17.webp
12/29/2025 18:00,"Expense tracking on autopilot. Connect your cards and forget about manually entering receipts. These apps sync everything",https://floatjet.com/tools/best-expense-tracking-apps,https://floatjet.com/images/pins/digital-nomad-finance/best-expense-tracking-apps-18.webp
12/30/2025 02:00,"Accounting software for non-accountants. Tools that handle the complexity so you can focus on work, not bookkeeping",https://floatjet.com/tools/best-accounting-software-freelancers,https://floatjet.com/images/pins/digital-nomad-finance/best-accounting-software-freelancers-19.webp
12/30/2025 13:00,"Payment terms that get you paid faster. The psychology behind invoice timing. Small changes, big impact on cash flow",https://floatjet.com/guides/invoice-payment-terms-guide,https://floatjet.com/images/pins/digital-nomad-finance/invoice-payment-terms-guide-20.webp
12/30/2025 20:00,"Home office tax deductions explained. The IRS rules in plain English. What qualifies, what doesn't, how to prove it",https://floatjet.com/guides/can-you-write-off-home-office-equipment,https://floatjet.com/images/pins/digital-nomad-finance/can-you-write-off-home-office-equipment-21.webp
12/31/2025 02:00,"Retirement planning for freelancers. No employer match doesn't mean no retirement. These accounts are built for self-employed",https://floatjet.com/guides/retirement-savings-freelancer,https://floatjet.com/images/pins/digital-nomad-finance/retirement-savings-freelancer-22.webp
12/31/2025 13:30,"Home office furniture tax rules 2025. What changed, what's deductible, and how to document properly",https://floatjet.com/guides/expense-home-office-furniture,https://floatjet.com/images/pins/digital-nomad-finance/expense-home-office-furniture-23.webp
12/31/2025 14:30,"International payments for freelancers. Stop losing money on every transaction. These methods have the lowest fees",https://floatjet.com/tools/accept-international-payments-freelancer,https://floatjet.com/images/pins/digital-nomad-finance/accept-international-payments-freelancer-24.webp
12/31/2025 19:00,"Multi-currency account comparison. Hold money in different currencies without getting destroyed by conversion fees",https://floatjet.com/guides/multi-currency-banking-nomads,https://floatjet.com/images/pins/digital-nomad-finance/multi-currency-banking-nomads-25.webp
