12/22/2025 01:30,"Morning routine that actually works for remote workers. Not the 5am cold shower nonsense - practical habits that fit real life",https://floatjet.com/guides/morning-routine-remote-work,https://floatjet.com/images/pins/productivity-tips/dec/morning-routine-remote-work-1.webp
12/22/2025 02:30,"How to stay focused working from home when everything is a distraction. Real strategies from someone who's been doing this for 5 years",https://floatjet.com/guides/how-to-stay-focused-working-from-home,https://floatjet.com/images/pins/productivity-tips/dec/how-to-stay-focused-working-from-home-2.webp
12/22/2025 14:00,"The Pomodoro technique actually works for remote workers. Here's exactly how to use it (and the one modification that makes it 10x better)",https://floatjet.com/guides/pomodoro-technique-remote-workers,https://floatjet.com/images/pins/productivity-tips/dec/pomodoro-technique-remote-workers-3.webp
12/23/2025 13:00,"Working remotely in a different time zone? Here's how to make it work without burning out or annoying your team",https://floatjet.com/guides/work-remotely-different-time-zones,https://floatjet.com/images/pins/productivity-tips/dec/work-remotely-different-time-zones-4.webp
12/23/2025 18:30,"Email etiquette for remote teams. The unwritten rules that make you look professional (and the mistakes making you look bad)",https://floatjet.com/guides/email-etiquette-remote-teams,https://floatjet.com/images/pins/productivity-tips/dec/email-etiquette-remote-teams-5.webp
12/24/2025 13:00,"Remote team collaboration best practices. What actually works vs what sounds good in articles. Tested with distributed teams",https://floatjet.com/guides/remote-team-collaboration-best-practices,https://floatjet.com/images/pins/productivity-tips/dec/remote-team-collaboration-best-practices-6.webp
12/24/2025 18:30,"What internet speed do you actually need for remote work? Video calls, file transfers, and cloud apps - here are the real requirements",https://floatjet.com/guides/internet-speed-remote-work,https://floatjet.com/images/pins/productivity-tips/dec/internet-speed-remote-work-7.webp
12/24/2025 19:00,"Avoid miscommunication in remote teams. The specific phrases and habits that prevent 90% of remote work drama",https://floatjet.com/guides/avoid-miscommunication-remote-teams,https://floatjet.com/images/pins/productivity-tips/dec/avoid-miscommunication-remote-teams-8.webp
12/24/2025 20:00,"Time blocking vs time tracking - which works better? Tried both methods for 6 months. Here's what I learned about productivity",https://floatjet.com/guides/time-blocking-vs-time-tracking,https://floatjet.com/images/pins/productivity-tips/dec/time-blocking-vs-time-tracking-9.webp
12/25/2025 13:00,"How to run effective remote meetings. Stop wasting everyone's time. These rules make virtual meetings actually productive",https://floatjet.com/guides/how-to-run-effective-remote-meetings,https://floatjet.com/images/pins/productivity-tips/dec/how-to-run-effective-remote-meetings-10.webp
12/26/2025 02:30,"Async communication for remote teams. Stop expecting instant replies. Here's how async-first teams actually work",https://floatjet.com/blog/async-communication-remote-teams,https://floatjet.com/images/pins/productivity-tips/dec/async-communication-remote-teams-11.webp
12/26/2025 14:30,"Managing time zones in remote teams. Tools and techniques that actually work when your team spans the globe",https://floatjet.com/blog/managing-time-zones-remote-teams,https://floatjet.com/images/pins/productivity-tips/dec/managing-time-zones-remote-teams-12.webp
12/28/2025 01:00,"Remote work morning routine that takes 20 minutes. Skip the 2-hour productivity theater - just what actually works",https://floatjet.com/guides/morning-routine-remote-work,https://floatjet.com/images/pins/productivity-tips/dec/morning-routine-remote-work-13.webp
12/28/2025 02:00,"Focus techniques that work from home. Not motivation tips - actual systems that create focus in distracting environments",https://floatjet.com/guides/how-to-stay-focused-working-from-home,https://floatjet.com/images/pins/productivity-tips/dec/how-to-stay-focused-working-from-home-14.webp
12/28/2025 13:30,"Pomodoro technique variation for creative work. The standard method fails for deep work - here's the modified version",https://floatjet.com/guides/pomodoro-technique-remote-workers,https://floatjet.com/images/pins/productivity-tips/dec/pomodoro-technique-remote-workers-15.webp
12/29/2025 02:30,"Time zone management for remote workers. Tools and habits that prevent scheduling disasters with global clients",https://floatjet.com/guides/work-remotely-different-time-zones,https://floatjet.com/images/pins/productivity-tips/dec/work-remotely-different-time-zones-16.webp
12/29/2025 14:30,"Remote email mistakes that hurt your reputation. The phrases that sound rude in text. Avoid these common blunders",https://floatjet.com/guides/email-etiquette-remote-teams,https://floatjet.com/images/pins/productivity-tips/dec/email-etiquette-remote-teams-17.webp
12/30/2025 02:30,"Remote team collaboration that actually works. Skip the forced fun and focus on what productive teams do differently",https://floatjet.com/guides/remote-team-collaboration-best-practices,https://floatjet.com/images/pins/productivity-tips/dec/remote-team-collaboration-best-practices-18.webp
12/30/2025 14:30,"Internet speed test for remote work. What the numbers actually mean and the minimum you need for reliable video calls",https://floatjet.com/guides/internet-speed-remote-work,https://floatjet.com/images/pins/productivity-tips/dec/internet-speed-remote-work-19.webp
12/30/2025 18:00,"Remote team miscommunication solved. Specific templates and phrases that prevent the drama before it starts",https://floatjet.com/guides/avoid-miscommunication-remote-teams,https://floatjet.com/images/pins/productivity-tips/dec/avoid-miscommunication-remote-teams-20.webp
12/30/2025 19:00,"Time blocking method that sticks. Most people try it and quit. This approach makes it sustainable long-term",https://floatjet.com/guides/time-blocking-vs-time-tracking,https://floatjet.com/images/pins/productivity-tips/dec/time-blocking-vs-time-tracking-21.webp
12/31/2025 02:30,"Remote meeting rules that save everyone's time. Agenda templates and time limits that actually get followed",https://floatjet.com/guides/how-to-run-effective-remote-meetings,https://floatjet.com/images/pins/productivity-tips/dec/how-to-run-effective-remote-meetings-22.webp
